item_key,plant_code,material_id,regime,distribution_type,mean_daily_demand,cv_wd,mean_lead_time,cv_lead_time,delivery_observations,lead_time_stability,supplier_reliability,current_safety_stock_units,current_sap_slt_days,recommended_slt_days,slt_comparison_action,hard_escalation_flag,hard_reason_codes,selected_model,model_confidence,boundary_risk,escalation_flag,solver_used,policy_note,recommended_safety_stock,recommended_reorder_point,recommended_order_quantity,inventor_fill_rate_pct,sap_fill_rate_pct,universal_rq_fill_rate_pct,fill_gain_vs_sap_pct_pts,fill_gain_vs_universal_rq_pct_pts,inventor_total_cost,sap_total_cost,universal_rq_total_cost,cost_delta_vs_universal_rq,stockout_days_reduction_vs_sap,shortage_reduction_vs_sap,route_used,isolate_for_optimization,opportunity_score,optimization_reasons,flag_bucket,llm_review_priority,flag_reasons,llm_question
PLANT_B__MATERIAL_0135,PLANT_B,MATERIAL_0135,Lumpy,Negative Binomial,25699.0418,0.957,0.4546,1.2156,139,Unstable,0.16,0.0,6.0,2.5,DECREASE,YES,UNSTABLE_LT_SEVERE_VARIANCE,NB branch,HIGH,HIGH,YES,negbin,"NB branch: LTD_mean=11682.8, LTD_var=476642929.1, r_lt=0.29, p_lt=0.0000, ROP=79940, SS=42558, OQ=16137",42558.0,79940.0,16137.0,59.7643,39.823,57.5003,19.9413,2.264,75489.156,18309.859,71329.1959,4159.9601,16.0,374860.2156,negbin,YES,103.4738,service_gain_vs_sap|stockout_reduction_vs_sap|hard_flag|beats_universal_rq|cost_premium_vs_universal_rq,OPTIMIZE_NOW,HIGH,service_gain_vs_sap|beats_universal_rq|stockout_reduction_vs_sap|hard_flag|distributional_branch_case|cost_premium_vs_universal_rq,What operational constraint could still block implementation despite apparent service gain?
PLANT_B__MATERIAL_0217,PLANT_B,MATERIAL_0217,Lumpy,Negative Binomial,7.1901,2.9465,2.6107,0.4145,15,Moderate,0.56,0.0,4.0,4.0,MAINTAIN,YES,MILP_T3,NB branch,HIGH,HIGH,YES,negbin,"NB branch: LTD_mean=18.8, LTD_var=1232.3, r_lt=0.29, p_lt=0.0152, ROP=109, SS=69, OQ=264",69.0,109.0,264.0,98.1044,83.7836,98.2833,14.3208,-0.1789,517.3449,281.696,492.3005,25.0444,20.0,1201.2288,negbin,YES,73.2902,service_gain_vs_sap|stockout_reduction_vs_sap|hard_flag|cost_premium_vs_universal_rq,OPTIMIZE_NOW,HIGH,service_gain_vs_sap|stockout_reduction_vs_sap|hard_flag|distributional_branch_case|cost_premium_vs_universal_rq,What operational constraint could still block implementation despite apparent service gain?
PLANT_A__MATERIAL_0222,PLANT_A,MATERIAL_0222,Lumpy,Negative Binomial,84.1273,1.1475,1.3411,0.6434,36,Unstable,0.47,0.0,2.0,3.0,INCREASE,YES,UNSTABLE_LT_SLT_INCREASE,NB branch,HIGH,HIGH,YES,negbin,"NB branch: LTD_mean=112.8, LTD_var=17766.4, r_lt=0.72, p_lt=0.0064, ROP=465, SS=268, OQ=222",268.0,465.0,222.0,100.0,86.6541,99.5509,13.3459,0.4491,23916.4217,6519.5621,19397.5894,4518.8323,14.0,1040.1769,negbin,YES,67.3375,service_gain_vs_sap|stockout_reduction_vs_sap|hard_flag|cost_premium_vs_universal_rq,OPTIMIZE_NOW,HIGH,service_gain_vs_sap|beats_universal_rq|stockout_reduction_vs_sap|hard_flag|distributional_branch_case|cost_premium_vs_universal_rq,What operational constraint could still block implementation despite apparent service gain?
PLANT_B__MATERIAL_0210,PLANT_B,MATERIAL_0210,Smooth,Normal,63653.9017,0.4428,1.6009,0.8911,105,Unstable,0.52,0.0,5.0,4.0,DECREASE,NO,,"(r,Q)",HIGH,HIGH,YES,"(r,Q)","(r,Q) v3 [Smooth]: σ_LTD_rob=81162.4, SS_normal=133500 SS_spike=0 → SS=56360(capped), ROP=285571, OQ=28180",56360.0,285571.0,28180.0,81.9837,69.6889,81.9837,12.2948,0.0,222004.9953,64700.9007,222004.9953,0.0,14.0,296387.4688,"(r,Q)",YES,63.6431,service_gain_vs_sap|stockout_reduction_vs_sap,OPTIMIZE_NOW,HIGH,service_gain_vs_sap|stockout_reduction_vs_sap,What operational constraint could still block implementation despite apparent service gain?
PLANT_A__MATERIAL_0216,PLANT_A,MATERIAL_0216,Lumpy,Negative Binomial,13.2622,1.7378,2.6217,0.4041,24,Moderate,0.48,0.0,3.5,4.5,INCREASE,YES,MILP_T3,NB branch,HIGH,HIGH,YES,negbin,"NB branch: LTD_mean=34.8, LTD_var=1590.0, r_lt=0.78, p_lt=0.0219, ROP=155, SS=80, OQ=174",80.0,155.0,174.0,99.8422,88.8666,95.069,10.9756,4.7732,1798.0719,906.9762,1703.9013,94.1706,3.0,278.2305,negbin,YES,62.4559,service_gain_vs_sap|stockout_reduction_vs_sap|hard_flag|beats_universal_rq|cost_premium_vs_universal_rq,OPTIMIZE_NOW,HIGH,service_gain_vs_sap|beats_universal_rq|stockout_reduction_vs_sap|hard_flag|distributional_branch_case|cost_premium_vs_universal_rq,What operational constraint could still block implementation despite apparent service gain?
PLANT_A__MATERIAL_0154,PLANT_A,MATERIAL_0154,Lumpy,Negative Binomial,293.3925,1.0206,0.0,0.0,0,Stable,0.12,0.0,3.0,0.0,DECREASE,NO,,NB branch,HIGH,MEDIUM,NO,negbin,"NB branch fallback (no-overdispersion): SS=348, ROP=348, OQ=6392",348.0,348.0,6392.0,97.0606,90.2948,91.1395,6.7658,5.9211,714.0425,743.8545,743.8545,-29.812,1.0,801.0,negbin,YES,46.5845,service_gain_vs_sap|thin_delivery_data|beats_universal_rq,OPTIMIZE_NOW,HIGH,service_gain_vs_sap|beats_universal_rq|thin_delivery_data|distributional_branch_case,What operational constraint could still block implementation despite apparent service gain?
PLANT_B__MATERIAL_0230,PLANT_B,MATERIAL_0230,Smooth,Normal,310.8293,0.4352,0.9463,0.8452,213,Unstable,0.32,0.0,2.0,3.0,INCREASE,NO,,"(r,Q)",HIGH,MEDIUM,NO,"(r,Q)","(r,Q) v3 [Smooth]: σ_LTD_rob=262.8, SS_normal=432 SS_spike=0 → SS=432, ROP=1037, OQ=528",432.0,1037.0,528.0,100.0,94.3828,100.0,5.6172,0.0,19844.9476,4081.829,19844.9476,0.0,13.0,1804.8622,"(r,Q)",YES,34.2368,service_gain_vs_sap|stockout_reduction_vs_sap,OPTIMIZE_NOW,HIGH,service_gain_vs_sap|stockout_reduction_vs_sap,What operational constraint could still block implementation despite apparent service gain?
PLANT_A__MATERIAL_0083,PLANT_A,MATERIAL_0083,Lumpy,Negative Binomial,102.8514,1.5122,0.0,0.0,0,Stable,0.29,0.0,2.0,0.0,DECREASE,YES,MILP_T3,NB branch,HIGH,HIGH,YES,negbin,"NB branch fallback (no-overdispersion): SS=181, ROP=181, OQ=3855",181.0,181.0,3855.0,94.9853,88.9316,92.7942,6.0537,2.1911,510.3755,399.8052,496.1942,14.1813,1.0,268.0,negbin,YES,33.5379,service_gain_vs_sap|hard_flag|thin_delivery_data|beats_universal_rq|cost_premium_vs_universal_rq,OPTIMIZE_NOW,HIGH,service_gain_vs_sap|beats_universal_rq|hard_flag|thin_delivery_data|distributional_branch_case|cost_premium_vs_universal_rq,What operational constraint could still block implementation despite apparent service gain?
PLANT_A__MATERIAL_0082,PLANT_A,MATERIAL_0082,Lumpy,Negative Binomial,292.8794,1.006,0.0,0.0,0,Stable,0.49,0.0,5.0,0.0,DECREASE,NO,,NB branch,HIGH,HIGH,YES,negbin,"NB branch fallback (no-overdispersion): SS=343, ROP=343, OQ=5266",343.0,343.0,5266.0,95.1852,90.5541,91.4386,4.6311,3.7466,929.0843,931.7351,931.7351,-2.6508,1.0,555.0,negbin,YES,31.5197,service_gain_vs_sap|thin_delivery_data|beats_universal_rq,OPTIMIZE_NOW,HIGH,service_gain_vs_sap|beats_universal_rq|thin_delivery_data|distributional_branch_case,What operational constraint could still block implementation despite apparent service gain?
PLANT_A__MATERIAL_0040,PLANT_A,MATERIAL_0040,Dead stock,Normal,0.0,0.0,0.0,0.0,0,Stable,0.04,0.0,2.5,0.0,DECREASE,NO,,"(r,Q)",UNCERTAIN,HIGH,YES,,,0.0,0.0,12.0,70.3704,62.963,70.3704,7.4074,0.0,2047.6374,1792.4152,2047.6374,0.0,0.0,4.0,"(r,Q)",YES,30.6296,service_gain_vs_sap|thin_delivery_data,LLM_REVIEW,HIGH,service_gain_vs_sap|thin_delivery_data,Which counterfactual or hidden constraint should be reviewed before optimizing this material?
PLANT_A__MATERIAL_0087,PLANT_A,MATERIAL_0087,Lumpy,Negative Binomial,31.3226,1.174,0.0,0.0,0,Stable,0.58,80.0,4.0,0.0,DECREASE,NO,,NB branch,HIGH,MEDIUM,NO,negbin,"NB branch fallback (no-overdispersion): SS=43, ROP=43, OQ=499",43.0,43.0,499.0,99.8255,100.0,91.6667,-0.1745,8.1588,915.9074,1032.0964,912.9114,2.996,-1.0,-4.0,negbin,YES,25.4758,thin_delivery_data|beats_universal_rq|cost_premium_vs_universal_rq,OPTIMIZE_NOW,HIGH,beats_universal_rq|thin_delivery_data|distributional_branch_case|cost_premium_vs_universal_rq,What operational constraint could still block implementation despite apparent service gain?
PLANT_A__MATERIAL_0088,PLANT_A,MATERIAL_0088,Smooth,Normal,280.8868,0.4038,0.0,0.0,0,Stable,0.8,0.0,4.0,0.0,DECREASE,NO,,EOQ,HIGH,LOW,NO,eoq,"EOQ v1: Q=1605 (raw=1604.1), ROP=0, SS=0",0.0,0.0,1605.0,88.5915,85.5885,85.5885,3.003,3.003,2358.1179,1905.8489,1905.8489,452.269,2.0,597.0,eoq,YES,23.4365,service_gain_vs_sap|stockout_reduction_vs_sap|thin_delivery_data|beats_universal_rq|cost_premium_vs_universal_rq,OPTIMIZE_NOW,HIGH,service_gain_vs_sap|beats_universal_rq|stockout_reduction_vs_sap|thin_delivery_data|cost_premium_vs_universal_rq,What operational constraint could still block implementation despite apparent service gain?
PLANT_A__MATERIAL_0036,PLANT_A,MATERIAL_0036,Lumpy,Negative Binomial,193.4457,1.3723,2.1757,0.5956,21,Unstable,0.49,0.0,4.0,4.5,INCREASE,YES,UNSTABLE_LT_SLT_INCREASE,NB branch,HIGH,HIGH,YES,negbin,"NB branch: LTD_mean=420.9, LTD_var=216156.8, r_lt=0.82, p_lt=0.0019, ROP=1934, SS=933, OQ=285",933.0,1934.0,285.0,40.6605,37.4282,39.8851,3.2323,0.7754,3924.0643,401.4831,2531.0696,1392.9947,4.0,1513.1202,negbin,YES,20.9919,service_gain_vs_sap|stockout_reduction_vs_sap|hard_flag|beats_universal_rq|cost_premium_vs_universal_rq,OPTIMIZE_NOW,HIGH,service_gain_vs_sap|beats_universal_rq|stockout_reduction_vs_sap|hard_flag|distributional_branch_case|cost_premium_vs_universal_rq,What operational constraint could still block implementation despite apparent service gain?
PLANT_A__MATERIAL_0096,PLANT_A,MATERIAL_0096,Lumpy,Negative Binomial,79.9349,1.16,0.7164,1.2377,59,Unstable,0.43,100.0,2.5,3.0,INCREASE,YES,UNSTABLE_LT_SEVERE_VARIANCE|UNSTABLE_LT_SLT_INCREASE,NB branch,HIGH,HIGH,YES,negbin,"NB branch: LTD_mean=57.3, LTD_var=11183.4, r_lt=0.29, p_lt=0.0051, ROP=344, SS=207, OQ=484",207.0,344.0,484.0,100.0,96.8231,99.6153,3.1769,0.3847,3190.4348,2226.0921,2861.2783,329.1565,5.0,247.7346,negbin,YES,20.5483,service_gain_vs_sap|stockout_reduction_vs_sap|hard_flag|cost_premium_vs_universal_rq,OPTIMIZE_NOW,HIGH,service_gain_vs_sap|beats_universal_rq|stockout_reduction_vs_sap|hard_flag|distributional_branch_case|cost_premium_vs_universal_rq,What operational constraint could still block implementation despite apparent service gain?
PLANT_B__MATERIAL_0197,PLANT_B,MATERIAL_0197,Smooth,Normal,1121.5799,0.5332,0.0,0.0,0,Stable,0.75,9000.0,2.0,0.0,DECREASE,NO,,EOQ,HIGH,MEDIUM,NO,eoq,"EOQ v1: Q=11132 (raw=11131.2), ROP=0, SS=0",0.0,0.0,11132.0,89.2048,100.0,83.0004,-10.7952,6.2044,1407.8937,3643.0713,936.3776,471.5161,-11.0,-14384.0,eoq,YES,19.5189,thin_delivery_data|beats_universal_rq|cost_premium_vs_universal_rq,LLM_REVIEW,HIGH,beats_universal_rq|thin_delivery_data|cost_premium_vs_universal_rq,Which counterfactual or hidden constraint should be reviewed before optimizing this material?
PLANT_A__MATERIAL_0028,PLANT_A,MATERIAL_0028,Lumpy,Negative Binomial,0.7396,2.3252,0.0,0.0,0,Stable,0.01,0.0,4.0,0.0,DECREASE,YES,MILP_T3,NB branch,HIGH,MEDIUM,NO,negbin,"NB branch fallback (no-overdispersion): SS=2, ROP=2, OQ=16",2.0,2.0,16.0,48.4,44.8,48.8,3.6,-0.4,1135.92,1074.1678,1306.4737,-170.5537,1.0,9.0,negbin,YES,17.1501,service_gain_vs_sap|hard_flag|thin_delivery_data,OPTIMIZE_NOW,HIGH,service_gain_vs_sap|hard_flag|thin_delivery_data|distributional_branch_case,What operational constraint could still block implementation despite apparent service gain?
PLANT_A__MATERIAL_0027,PLANT_A,MATERIAL_0027,Smooth,Normal,397.237,0.2847,1.1291,0.8513,23,Unstable,0.44,0.0,2.5,3.0,INCREASE,NO,,Base-stock,MEDIUM,MEDIUM,NO,"(s,S)","(s,S) v3: s=1999, S=2382; SS=756, OQ=383",756.0,1999.0,383.0,100.0,97.3955,100.0,2.6045,0.0,137019.0473,13193.7496,97415.882,39603.1653,14.0,594.4797,"(s,S)",YES,16.0033,service_gain_vs_sap|stockout_reduction_vs_sap|high_variance_order_up_to_case|cost_premium_vs_universal_rq,OPTIMIZE_NOW,HIGH,service_gain_vs_sap|stockout_reduction_vs_sap|order_up_to_case|cost_premium_vs_universal_rq,What operational constraint could still block implementation despite apparent service gain?
PLANT_B__MATERIAL_0213,PLANT_B,MATERIAL_0213,Lumpy,Negative Binomial,27.1033,2.941,3.1328,0.357,18,Moderate,0.61,0.0,4.0,4.0,MAINTAIN,YES,MILP_T3,NB branch,HIGH,MEDIUM,NO,negbin,"NB branch: LTD_mean=84.9, LTD_var=20824.8, r_lt=0.35, p_lt=0.0041, ROP=452, SS=286, OQ=383",286.0,452.0,383.0,77.5496,74.0297,77.5776,3.5199,-0.028,152.8034,145.2788,153.6853,-0.8819,1.0,1133.0908,negbin,YES,15.8409,service_gain_vs_sap|hard_flag,OPTIMIZE_NOW,HIGH,service_gain_vs_sap|hard_flag|distributional_branch_case,What operational constraint could still block implementation despite apparent service gain?
PLANT_B__MATERIAL_0057,PLANT_B,MATERIAL_0057,Smooth,Normal,315.4403,0.4068,1.2151,0.7148,192,Unstable,0.55,0.0,3.0,2.5,DECREASE,NO,,"(r,Q)",HIGH,MEDIUM,NO,"(r,Q)","(r,Q) v3 [Smooth]: σ_LTD_rob=304.5, SS_normal=501 SS_spike=0 → SS=501, ROP=1200, OQ=1324",501.0,1200.0,1324.0,100.0,98.5347,100.0,1.4653,0.0,8570.9098,3487.6726,8570.9098,0.0,7.0,471.7085,"(r,Q)",YES,12.1159,service_gain_vs_sap|stockout_reduction_vs_sap,OPTIMIZE_NOW,HIGH,service_gain_vs_sap|stockout_reduction_vs_sap,What operational constraint could still block implementation despite apparent service gain?
PLANT_B__MATERIAL_0196,PLANT_B,MATERIAL_0196,Lumpy,Negative Binomial,2776.4937,2.8585,0.3418,0.7671,11,Unstable,0.22,0.0,4.0,1.5,DECREASE,YES,MILP_T3,NB branch,HIGH,HIGH,YES,negbin,"NB branch: LTD_mean=949.0, LTD_var=22059898.9, r_lt=0.04, p_lt=0.0000, ROP=7382, SS=3657, OQ=11136",3657.0,7382.0,11136.0,35.8925,34.4992,49.5856,1.3933,-13.6931,26332.3289,23979.376,46407.6945,-20075.3656,0.0,6432.9945,negbin,YES,7.6375,service_gain_vs_sap|hard_flag,OPTIMIZE_NOW,HIGH,service_gain_vs_sap|hard_flag|distributional_branch_case,What operational constraint could still block implementation despite apparent service gain?
PLANT_A__MATERIAL_0038,PLANT_A,MATERIAL_0038,Dead stock,Normal,0.0,0.0,0.0,0.0,0,Stable,0.26,0.0,4.0,0.0,DECREASE,NO,,"(r,Q)",UNCERTAIN,HIGH,YES,,,0.0,0.0,16.0,53.2258,51.6129,53.2258,1.6129,0.0,823.8243,759.2324,823.8243,0.0,0.0,1.0,"(r,Q)",YES,7.4516,service_gain_vs_sap|thin_delivery_data,LLM_REVIEW,MEDIUM,service_gain_vs_sap|thin_delivery_data,Which counterfactual or hidden constraint should be reviewed before optimizing this material?
PLANT_B__MATERIAL_0228,PLANT_B,MATERIAL_0228,Smooth,Normal,2491.3053,0.4106,1.1276,0.8086,193,Unstable,0.46,0.0,2.5,3.0,INCREASE,NO,,"(r,Q)",MEDIUM,HIGH,YES,"(r,Q)","(r,Q) v3 [Smooth]: σ_LTD_rob=2532.1, SS_normal=4165 SS_spike=0 → SS=4165, ROP=9466, OQ=6475",4165.0,9466.0,6475.0,100.0,99.5507,100.0,0.4493,0.0,13105.416,4184.8494,13105.416,0.0,4.0,839.8041,"(r,Q)",YES,6.8056,stockout_reduction_vs_sap,LLM_REVIEW,MEDIUM,stockout_reduction_vs_sap,Which counterfactual or hidden constraint should be reviewed before optimizing this material?
PLANT_B__MATERIAL_0216,PLANT_B,MATERIAL_0216,Lumpy,Negative Binomial,28.7603,2.915,2.9025,0.3991,20,Moderate,0.56,0.0,4.0,4.5,INCREASE,YES,MILP_T3,NB branch,HIGH,MEDIUM,NO,negbin,"NB branch: LTD_mean=83.5, LTD_var=21510.2, r_lt=0.33, p_lt=0.0039, ROP=459, SS=289, OQ=328",289.0,459.0,328.0,66.6718,65.5222,66.7054,1.1496,-0.0336,129.0091,127.8897,130.4047,-1.3956,0.0,375.5232,negbin,YES,6.6022,service_gain_vs_sap|hard_flag,OPTIMIZE_NOW,HIGH,service_gain_vs_sap|hard_flag|distributional_branch_case,What operational constraint could still block implementation despite apparent service gain?
PLANT_A__MATERIAL_0060,PLANT_A,MATERIAL_0060,Smooth,Normal,3313.8259,0.2768,0.0,0.0,0,Stable,0.35,0.0,3.5,0.0,DECREASE,NO,,EOQ,HIGH,MEDIUM,NO,eoq,"EOQ v1: Q=129612 (raw=129611.9), ROP=0, SS=0",0.0,0.0,129612.0,97.7206,96.9266,96.9266,0.794,0.794,541.3896,376.6975,376.6975,164.6921,0.0,1446.0,eoq,YES,6.5395,thin_delivery_data|beats_universal_rq|cost_premium_vs_universal_rq,LLM_REVIEW,MEDIUM,beats_universal_rq|thin_delivery_data|cost_premium_vs_universal_rq,Which counterfactual or hidden constraint should be reviewed before optimizing this material?
PLANT_B__MATERIAL_0191,PLANT_B,MATERIAL_0191,Smooth,Normal,96741.4159,0.187,0.4714,1.0473,218,Unstable,0.49,64960.0,2.5,1.5,DECREASE,NO,,"(r,Q)",HIGH,MEDIUM,YES,"(r,Q)","(r,Q) v3 [Smooth]: σ_LTD_rob=57701.5, SS_normal=94911 SS_spike=0 → SS=43696(capped), ROP=186041, OQ=21848",43696.0,186041.0,21848.0,21.7904,20.7665,21.7904,1.0239,0.0,6845.8082,1823.4554,6845.8082,0.0,0.0,75477.0965,"(r,Q)",YES,5.8504,service_gain_vs_sap,LLM_REVIEW,MEDIUM,service_gain_vs_sap,Which counterfactual or hidden constraint should be reviewed before optimizing this material?
PLANT_A__MATERIAL_0039,PLANT_A,MATERIAL_0039,Lumpy,Negative Binomial,0.3061,2.3294,0.0,0.0,0,Stable,0.07,0.0,4.0,0.0,DECREASE,YES,MILP_T3,NB branch,HIGH,MEDIUM,NO,negbin,"NB branch fallback (no-overdispersion): SS=1, ROP=1, OQ=16",1.0,1.0,16.0,44.9074,43.9815,52.3148,0.9259,-7.4074,1006.5954,940.7939,1091.8965,-85.3011,0.0,2.0,negbin,YES,5.7036,hard_flag|thin_delivery_data,OPTIMIZE_NOW,HIGH,hard_flag|thin_delivery_data|distributional_branch_case,What operational constraint could still block implementation despite apparent service gain?
PLANT_B__MATERIAL_0096,PLANT_B,MATERIAL_0096,Smooth,Normal,152.192,0.6384,0.7382,1.0245,72,Unstable,0.46,70.0,2.5,2.5,MAINTAIN,NO,,"(r,Q)",HIGH,MEDIUM,NO,"(r,Q)","(r,Q) v3 [Smooth]: σ_LTD_rob=155.0, SS_normal=255 SS_spike=0 → SS=255, ROP=520, OQ=860",255.0,520.0,860.0,100.0,99.1064,100.0,0.8936,0.0,6373.7745,4077.9605,6373.7745,0.0,1.0,42.6519,"(r,Q)",NO,5.3248,,MONITOR,MEDIUM,,Should this item stay under observation for lead time or service deterioration?
PLANT_B__MATERIAL_0214,PLANT_B,MATERIAL_0214,Lumpy,Negative Binomial,27.8361,2.92,1.5285,0.5982,20,Unstable,0.45,0.0,4.0,3.5,DECREASE,YES,MILP_T3,NB branch,HIGH,HIGH,YES,negbin,"NB branch: LTD_mean=42.5, LTD_var=10746.0, r_lt=0.17, p_lt=0.0040, ROP=257, SS=187, OQ=234",187.0,257.0,234.0,47.3251,46.6588,47.2661,0.6663,0.059,91.9839,91.2263,91.9839,0.0,0.0,214.4525,negbin,YES,4.8443,hard_flag,OPTIMIZE_NOW,HIGH,beats_universal_rq|hard_flag|distributional_branch_case,What operational constraint could still block implementation despite apparent service gain?
PLANT_A__MATERIAL_0110,PLANT_A,MATERIAL_0110,Smooth,Normal,408.0572,0.3889,1.06,0.8917,210,Unstable,0.37,0.0,3.0,3.5,INCREASE,NO,,"(r,Q)",HIGH,HIGH,YES,"(r,Q)","(r,Q) v3 [Smooth]: σ_LTD_rob=400.1, SS_normal=658 SS_spike=0 → SS=658, ROP=1499, OQ=2432",658.0,1499.0,2432.0,100.0,99.5749,100.0,0.4251,0.0,3442.031,1870.5945,3442.031,0.0,1.0,92.4594,"(r,Q)",NO,4.4513,,MONITOR,MEDIUM,,Should this item stay under observation for lead time or service deterioration?
PLANT_A__MATERIAL_0074,PLANT_A,MATERIAL_0074,Smooth,Normal,2500.6931,0.1387,0.0,0.0,0,Stable,0.9493,32000.0,10.0,0.0,DECREASE,NO,,EOQ,MEDIUM,MEDIUM,NO,eoq,"EOQ v1: Q=176399 (raw=176398.9), ROP=0, SS=0",0.0,0.0,176399.0,98.4559,100.0,97.5832,-1.5441,0.8727,439.5056,455.294,315.1093,124.3963,-1.0,-2323.0,eoq,YES,3.5932,thin_delivery_data|beats_universal_rq|cost_premium_vs_universal_rq,LLM_REVIEW,MEDIUM,beats_universal_rq|thin_delivery_data|cost_premium_vs_universal_rq,Which counterfactual or hidden constraint should be reviewed before optimizing this material?
PLANT_B__MATERIAL_0222,PLANT_B,MATERIAL_0222,Smooth,Normal,119.8299,0.65,1.1413,0.8213,48,Unstable,0.44,0.0,2.0,3.0,INCREASE,NO,,"(r,Q)",HIGH,MEDIUM,NO,"(r,Q)","(r,Q) v3 [Smooth]: σ_LTD_rob=123.7, SS_normal=204 SS_spike=0 → SS=204, ROP=461, OQ=273",204.0,461.0,273.0,100.0,99.8249,100.0,0.1751,0.0,29769.8159,11787.9651,29769.8159,0.0,1.0,8.2381,"(r,Q)",NO,3.4505,,MONITOR,MEDIUM,,Should this item stay under observation for lead time or service deterioration?
PLANT_A__MATERIAL_0008,PLANT_A,MATERIAL_0008,Dead stock,Normal,0.0,0.0,1.5967,0.794,3,Unstable,0.21,0.0,3.0,5.5,INCREASE,NO,,"(r,Q)",UNCERTAIN,HIGH,YES,,,0.0,0.0,1.0,100.0,100.0,100.0,0.0,0.0,220.1162,73.1194,220.1162,0.0,0.0,0.0,"(r,Q)",YES,3.0,thin_delivery_data,LLM_REVIEW,MEDIUM,thin_delivery_data,Which counterfactual or hidden constraint should be reviewed before optimizing this material?
PLANT_A__MATERIAL_0025,PLANT_A,MATERIAL_0025,Smooth,Normal,899.9742,0.244,1.2331,0.781,118,Unstable,0.45,1152.0,3.0,3.5,INCREASE,NO,,Base-stock,HIGH,MEDIUM,YES,"(s,S)","(s,S) v3: s=3384, S=6989; SS=1374, OQ=3605",1374.0,3384.0,3605.0,100.0,100.0,100.0,0.0,0.0,7539.1231,5639.3934,7281.2135,257.9096,0.0,0.0,"(s,S)",YES,2.9484,high_variance_order_up_to_case|cost_premium_vs_universal_rq,OPTIMIZE_NOW,HIGH,order_up_to_case|cost_premium_vs_universal_rq,What operational constraint could still block implementation despite apparent service gain?
PLANT_A__MATERIAL_0159,PLANT_A,MATERIAL_0159,Lumpy,Negative Binomial,97.165,1.9729,1.1036,0.9802,11,Unstable,0.2,0.0,3.0,4.5,INCREASE,YES,MILP_T3|UNSTABLE_LT_SEVERE_VARIANCE|UNSTABLE_LT_SLT_INCREASE,NB branch,HIGH,HIGH,YES,negbin,"NB branch: LTD_mean=107.2, LTD_var=51601.2, r_lt=0.22, p_lt=0.0021, ROP=731, SS=429, OQ=712",429.0,731.0,712.0,100.0,100.0,100.0,0.0,0.0,5332.0812,2797.5161,4673.8251,658.2561,0.0,0.0,negbin,YES,2.8683,hard_flag|cost_premium_vs_universal_rq,OPTIMIZE_NOW,HIGH,hard_flag|distributional_branch_case|cost_premium_vs_universal_rq,What operational constraint could still block implementation despite apparent service gain?
PLANT_A__MATERIAL_0107,PLANT_A,MATERIAL_0107,Smooth,Normal,49273.5074,0.2737,1.8029,0.727,246,Unstable,0.39,0.0,4.0,5.0,INCREASE,NO,,Base-stock,HIGH,HIGH,YES,"(s,S)","(s,S) v3: s=325856, S=477023; SS=138474, OQ=151167",138474.0,325856.0,151167.0,100.0,100.0,100.0,0.0,0.0,31238.7241,10184.7445,30336.2524,902.4717,0.0,0.0,"(s,S)",YES,2.8195,high_variance_order_up_to_case|cost_premium_vs_universal_rq,OPTIMIZE_NOW,HIGH,order_up_to_case|cost_premium_vs_universal_rq,What operational constraint could still block implementation despite apparent service gain?
PLANT_A__MATERIAL_0012,PLANT_A,MATERIAL_0012,Smooth,Normal,180.373,0.3495,1.4452,0.6409,61,Unstable,0.5,0.0,2.0,3.0,INCREASE,NO,,"(r,Q)",HIGH,MEDIUM,NO,"(r,Q)","(r,Q) v3 [Smooth]: σ_LTD_rob=184.1, SS_normal=303 SS_spike=0 → SS=303, ROP=744, OQ=1416",303.0,744.0,1416.0,100.0,100.0,100.0,0.0,0.0,2713.9609,1781.6323,2713.9609,0.0,0.0,0.0,"(r,Q)",NO,2.0,,LEAVE_BASELINE,LOW,,Is there any evidence this item needs intervention beyond routine monitoring?
PLANT_A__MATERIAL_0019,PLANT_A,MATERIAL_0019,Smooth,Normal,305.8899,0.2892,1.4274,0.6559,118,Unstable,0.49,0.0,2.0,3.0,INCREASE,NO,,"(r,Q)",HIGH,MEDIUM,NO,"(r,Q)","(r,Q) v3 [Smooth]: σ_LTD_rob=306.1, SS_normal=504 SS_spike=0 → SS=504, ROP=1247, OQ=3853",504.0,1247.0,3853.0,100.0,100.0,100.0,0.0,0.0,1593.5135,1239.0895,1593.5135,0.0,0.0,0.0,"(r,Q)",NO,2.0,,LEAVE_BASELINE,LOW,,Is there any evidence this item needs intervention beyond routine monitoring?
PLANT_A__MATERIAL_0024,PLANT_A,MATERIAL_0024,Smooth,Normal,424.4553,0.2165,1.4622,0.7842,83,Unstable,0.41,672.0,3.0,4.0,INCREASE,NO,,"(s,S)",UNCERTAIN,HIGH,YES,"(r,Q)","(r,Q) v3 [Smooth]: σ_LTD_rob=748.1, SS_normal=1231 SS_spike=0 → SS=1231, ROP=3125, OQ=9948",1231.0,3125.0,9948.0,100.0,100.0,100.0,0.0,0.0,739.4829,573.5281,739.4829,0.0,0.0,0.0,"(r,Q)",NO,2.0,,MONITOR,MEDIUM,,Should this item stay under observation for lead time or service deterioration?
PLANT_A__MATERIAL_0041,PLANT_A,MATERIAL_0041,Smooth,Normal,261.1708,0.2502,1.1353,0.87,19,Unstable,0.42,0.0,2.5,3.5,INCREASE,NO,,"(r,Q)",HIGH,MEDIUM,NO,"(r,Q)","(r,Q) v3 [Smooth]: σ_LTD_rob=296.6, SS_normal=488 SS_spike=0 → SS=488, ROP=1307, OQ=298",488.0,1307.0,298.0,100.0,100.0,100.0,0.0,0.0,93467.4556,16538.9192,93467.4556,0.0,0.0,0.0,"(r,Q)",NO,2.0,,LEAVE_BASELINE,LOW,,Is there any evidence this item needs intervention beyond routine monitoring?
PLANT_A__MATERIAL_0056,PLANT_A,MATERIAL_0056,Smooth,Normal,1427.6624,0.5322,0.944,1.2792,5,Unstable,0.32,12400.0,5.0,4.0,DECREASE,NO,,"(r,Q)",HIGH,MEDIUM,NO,"(r,Q)","(r,Q) v3 [Smooth]: σ_LTD_rob=1346.0, SS_normal=2214 SS_spike=0 → SS=2214, ROP=4989, OQ=114765",2214.0,4989.0,114765.0,100.0,100.0,100.0,0.0,0.0,206.2299,226.1472,206.2299,0.0,0.0,0.0,"(r,Q)",YES,2.0,thin_delivery_data,LLM_REVIEW,MEDIUM,thin_delivery_data,Which counterfactual or hidden constraint should be reviewed before optimizing this material?
PLANT_A__MATERIAL_0061,PLANT_A,MATERIAL_0061,Smooth,Normal,617.2567,0.2073,2.2929,0.5568,179,Unstable,0.55,672.0,3.0,4.0,INCREASE,NO,,"(r,Q)",HIGH,MEDIUM,YES,"(r,Q)","(r,Q) v3 [Smooth]: σ_LTD_rob=1335.8, SS_normal=2197 SS_spike=0 → SS=2197, ROP=5464, OQ=5230",2197.0,5464.0,5230.0,100.0,100.0,100.0,0.0,0.0,5152.0792,2737.069,5152.0792,0.0,0.0,0.0,"(r,Q)",NO,2.0,,LEAVE_BASELINE,LOW,,Is there any evidence this item needs intervention beyond routine monitoring?
PLANT_A__MATERIAL_0063,PLANT_A,MATERIAL_0063,Smooth,Normal,629.6083,0.2049,2.2248,0.5767,196,Unstable,0.56,0.0,3.0,4.0,INCREASE,NO,,"(r,Q)",HIGH,MEDIUM,NO,"(r,Q)","(r,Q) v3 [Smooth]: σ_LTD_rob=1246.1, SS_normal=2050 SS_spike=0 → SS=2050, ROP=5340, OQ=1923",2050.0,5340.0,1923.0,100.0,100.0,100.0,0.0,0.0,19813.0882,5633.3242,19813.0882,0.0,0.0,0.0,"(r,Q)",NO,2.0,,LEAVE_BASELINE,LOW,,Is there any evidence this item needs intervention beyond routine monitoring?
PLANT_A__MATERIAL_0065,PLANT_A,MATERIAL_0065,Smooth,Normal,424.4553,0.2165,2.2176,0.5762,192,Unstable,0.56,0.0,3.0,4.0,INCREASE,NO,,"(r,Q)",HIGH,MEDIUM,NO,"(r,Q)","(r,Q) v3 [Smooth]: σ_LTD_rob=809.0, SS_normal=1331 SS_spike=0 → SS=1331, ROP=3546, OQ=1561",1331.0,3546.0,1561.0,100.0,100.0,100.0,0.0,0.0,14470.8264,4879.144,14470.8264,0.0,0.0,0.0,"(r,Q)",NO,2.0,,LEAVE_BASELINE,LOW,,Is there any evidence this item needs intervention beyond routine monitoring?
PLANT_A__MATERIAL_0073,PLANT_A,MATERIAL_0073,Smooth,Normal,5182.1468,0.1716,1.6857,0.6569,46,Unstable,0.45,0.0,2.5,4.0,INCREASE,NO,,"(r,Q)",MEDIUM,MEDIUM,YES,"(r,Q)","(r,Q) v3 [Smooth]: σ_LTD_rob=5410.8, SS_normal=8900 SS_spike=0 → SS=8900, ROP=22818, OQ=273810",8900.0,22818.0,273810.0,100.0,100.0,100.0,0.0,0.0,353.3214,322.9202,353.3214,0.0,0.0,0.0,"(r,Q)",NO,2.0,,LEAVE_BASELINE,LOW,,Is there any evidence this item needs intervention beyond routine monitoring?
PLANT_A__MATERIAL_0108,PLANT_A,MATERIAL_0108,Smooth,Normal,62342.1739,0.3789,1.776,0.7278,246,Unstable,0.37,26840.0,3.9,5.0,INCREASE,NO,,"(r,Q)",HIGH,HIGH,YES,"(r,Q)","(r,Q) v3 [Smooth]: σ_LTD_rob=98866.3, SS_normal=162621 SS_spike=0 → SS=162621, ROP=398025, OQ=167930",162621.0,398025.0,167930.0,100.0,100.0,100.0,0.0,0.0,37171.4145,14637.8322,37171.4145,0.0,0.0,0.0,"(r,Q)",NO,2.0,,MONITOR,MEDIUM,,Should this item stay under observation for lead time or service deterioration?
PLANT_A__MATERIAL_0122,PLANT_A,MATERIAL_0122,Smooth,Normal,26.2128,0.4386,1.975,0.7626,2,Unstable,0.9503,4000.0,5.0,2.5,DECREASE,NO,,"(r,Q)",HIGH,MEDIUM,NO,"(r,Q)","(r,Q) v3 [Smooth]: σ_LTD_rob=37.5, SS_normal=62 SS_spike=0 → SS=62, ROP=166, OQ=5789",62.0,166.0,5789.0,100.0,100.0,100.0,0.0,0.0,128.5369,225.1061,128.5369,0.0,0.0,0.0,"(r,Q)",YES,2.0,thin_delivery_data,LLM_REVIEW,MEDIUM,thin_delivery_data,Which counterfactual or hidden constraint should be reviewed before optimizing this material?
PLANT_A__MATERIAL_0152,PLANT_A,MATERIAL_0152,Smooth,Normal,21200.2778,0.4104,1.7262,0.7207,196,Unstable,0.36,0.0,3.3,4.5,INCREASE,NO,,"(r,Q)",MEDIUM,HIGH,YES,"(r,Q)","(r,Q) v3 [Smooth]: σ_LTD_rob=34412.6, SS_normal=56604 SS_spike=0 → SS=56604, ROP=135600, OQ=108877",56604.0,135600.0,108877.0,100.0,100.0,100.0,0.0,0.0,11955.1565,4972.9927,11955.1565,0.0,0.0,0.0,"(r,Q)",NO,2.0,,MONITOR,MEDIUM,,Should this item stay under observation for lead time or service deterioration?
PLANT_A__MATERIAL_0153,PLANT_A,MATERIAL_0153,Smooth,Normal,19379.1354,0.3069,1.8033,0.7305,228,Unstable,0.39,0.0,4.0,5.0,INCREASE,NO,,"(r,Q)",MEDIUM,HIGH,YES,"(r,Q)","(r,Q) v3 [Smooth]: σ_LTD_rob=33289.3, SS_normal=54756 SS_spike=0 → SS=54756, ROP=147840, OQ=100084",54756.0,147840.0,100084.0,100.0,100.0,100.0,0.0,0.0,13544.5412,4997.5922,13544.5412,0.0,0.0,0.0,"(r,Q)",NO,2.0,,MONITOR,MEDIUM,,Should this item stay under observation for lead time or service deterioration?
PLANT_A__MATERIAL_0165,PLANT_A,MATERIAL_0165,Smooth,Normal,224.0983,0.432,1.5339,1.6592,165,Unstable,0.3,20.0,2.0,8.0,INCREASE,NO,,"(r,Q)",HIGH,MEDIUM,YES,"(r,Q)","(r,Q) v3 [Smooth]: σ_LTD_rob=233.3, SS_normal=384 SS_spike=0 → SS=384, ROP=952, OQ=676",384.0,952.0,676.0,100.0,100.0,100.0,0.0,0.0,19220.8542,8989.4424,19220.8542,0.0,0.0,0.0,"(r,Q)",NO,2.0,,LEAVE_BASELINE,LOW,,Is there any evidence this item needs intervention beyond routine monitoring?
PLANT_A__MATERIAL_0238,PLANT_A,MATERIAL_0238,Smooth,Normal,1348.5009,0.4904,2.3253,0.5326,163,Unstable,0.51,1000.0,3.0,4.5,INCREASE,NO,,"(r,Q)",HIGH,MEDIUM,YES,"(r,Q)","(r,Q) v3 [Smooth]: σ_LTD_rob=2855.1, SS_normal=4696 SS_spike=0 → SS=4696, ROP=11877, OQ=10728",4696.0,11877.0,10728.0,100.0,100.0,100.0,0.0,0.0,5676.7809,2842.7571,5676.7809,0.0,0.0,0.0,"(r,Q)",NO,2.0,,LEAVE_BASELINE,LOW,,Is there any evidence this item needs intervention beyond routine monitoring?
PLANT_A__MATERIAL_0239,PLANT_A,MATERIAL_0239,Smooth,Normal,1348.5009,0.4904,2.3694,0.5308,160,Unstable,0.54,1000.0,3.0,4.0,INCREASE,NO,,"(r,Q)",HIGH,MEDIUM,YES,"(r,Q)","(r,Q) v3 [Smooth]: σ_LTD_rob=2850.3, SS_normal=4688 SS_spike=0 → SS=4688, ROP=11929, OQ=10755",4688.0,11929.0,10755.0,100.0,100.0,100.0,0.0,0.0,5706.399,2888.6406,5706.399,0.0,0.0,0.0,"(r,Q)",NO,2.0,,LEAVE_BASELINE,LOW,,Is there any evidence this item needs intervention beyond routine monitoring?
PLANT_B__MATERIAL_0102,PLANT_B,MATERIAL_0102,Smooth,Normal,152.2718,0.6083,1.7258,0.8896,169,Unstable,0.29,0.0,4.5,6.0,INCREASE,NO,,"(r,Q)",HIGH,MEDIUM,YES,"(r,Q)","(r,Q) v3 [Smooth]: σ_LTD_rob=294.6, SS_normal=485 SS_spike=0 → SS=485, ROP=1205, OQ=1355",485.0,1205.0,1355.0,100.0,100.0,100.0,0.0,0.0,3579.314,1768.9504,3579.314,0.0,0.0,0.0,"(r,Q)",NO,2.0,,LEAVE_BASELINE,LOW,,Is there any evidence this item needs intervention beyond routine monitoring?
PLANT_A__MATERIAL_0045,PLANT_A,MATERIAL_0045,Lumpy,Negative Binomial,54.0019,1.2781,3.5567,0.2342,6,Moderate,0.39,0.0,5.0,6.5,INCREASE,NO,,NB branch,MEDIUM,HIGH,YES,negbin,"NB branch: LTD_mean=192.1, LTD_var=18966.6, r_lt=1.96, p_lt=0.0101, ROP=513, SS=267, OQ=11424",267.0,513.0,11424.0,100.0,100.0,100.0,0.0,0.0,136.7825,132.55,134.4746,2.3079,0.0,0.0,negbin,YES,1.9995,thin_delivery_data|cost_premium_vs_universal_rq,OPTIMIZE_NOW,HIGH,thin_delivery_data|distributional_branch_case|cost_premium_vs_universal_rq,What operational constraint could still block implementation despite apparent service gain?
PLANT_A__MATERIAL_0051,PLANT_A,MATERIAL_0051,Smooth,Normal,625.9415,0.1993,1.3577,0.6708,184,Unstable,0.52,0.0,3.0,3.0,MAINTAIN,NO,,Base-stock,HIGH,MEDIUM,NO,"(s,S)","(s,S) v3: s=2473, S=6128; SS=997, OQ=3655",997.0,2473.0,3655.0,100.0,100.0,100.0,0.0,0.0,3677.4069,1770.6247,3377.6166,299.7903,0.0,0.0,"(s,S)",YES,1.94,high_variance_order_up_to_case|cost_premium_vs_universal_rq,OPTIMIZE_NOW,HIGH,order_up_to_case|cost_premium_vs_universal_rq,What operational constraint could still block implementation despite apparent service gain?
PLANT_A__MATERIAL_0064,PLANT_A,MATERIAL_0064,Smooth,Normal,423.2645,0.2222,1.339,0.6682,189,Unstable,0.51,0.0,3.0,3.0,MAINTAIN,NO,,Base-stock,MEDIUM,MEDIUM,NO,"(s,S)","(s,S) v3: s=1663, S=3341; SS=673, OQ=1678",673.0,1663.0,1678.0,100.0,100.0,100.0,0.0,0.0,7090.1886,3072.0062,6554.6204,535.5682,0.0,0.0,"(s,S)",YES,1.8929,high_variance_order_up_to_case|cost_premium_vs_universal_rq,OPTIMIZE_NOW,HIGH,order_up_to_case|cost_premium_vs_universal_rq,What operational constraint could still block implementation despite apparent service gain?
PLANT_A__MATERIAL_0062,PLANT_A,MATERIAL_0062,Smooth,Normal,626.218,0.1993,1.369,0.6672,192,Unstable,0.5,0.0,3.0,3.0,MAINTAIN,NO,,Base-stock,HIGH,MEDIUM,NO,"(s,S)","(s,S) v3: s=2486, S=4586; SS=1002, OQ=2100",1002.0,2486.0,2100.0,100.0,100.0,100.0,0.0,0.0,9056.103,3375.736,8263.4144,792.6886,0.0,0.0,"(s,S)",YES,1.8415,high_variance_order_up_to_case|cost_premium_vs_universal_rq,OPTIMIZE_NOW,HIGH,order_up_to_case|cost_premium_vs_universal_rq,What operational constraint could still block implementation despite apparent service gain?
PLANT_A__MATERIAL_0018,PLANT_A,MATERIAL_0018,Smooth,Normal,629.6406,0.2048,1.4836,0.6382,109,Unstable,0.5,0.0,3.0,3.0,MAINTAIN,NO,,"(r,Q)",HIGH,MEDIUM,NO,"(r,Q)","(r,Q) v3 [Smooth]: σ_LTD_rob=663.6, SS_normal=1092 SS_spike=0 → SS=1092, ROP=2656, OQ=5431",1092.0,2656.0,5431.0,100.0,100.0,100.0,0.0,0.0,2066.2061,1289.6167,2066.2061,0.0,0.0,0.0,"(r,Q)",NO,1.0,,LEAVE_BASELINE,LOW,,Is there any evidence this item needs intervention beyond routine monitoring?
PLANT_A__MATERIAL_0023,PLANT_A,MATERIAL_0023,Smooth,Normal,425.2099,0.2175,1.2201,0.7529,137,Unstable,0.48,576.0,3.0,3.0,MAINTAIN,NO,,"(r,Q)",HIGH,MEDIUM,NO,"(r,Q)","(r,Q) v3 [Smooth]: σ_LTD_rob=389.1, SS_normal=640 SS_spike=0 → SS=640, ROP=1584, OQ=2433",640.0,1584.0,2433.0,100.0,100.0,100.0,0.0,0.0,3619.0225,2873.1115,3619.0225,0.0,0.0,0.0,"(r,Q)",NO,1.0,,LEAVE_BASELINE,LOW,,Is there any evidence this item needs intervention beyond routine monitoring?
PLANT_A__MATERIAL_0026,PLANT_A,MATERIAL_0026,Smooth,Normal,942.1714,0.1594,1.2456,0.7524,190,Unstable,0.5,1152.0,3.0,3.0,MAINTAIN,NO,,"(r,Q)",HIGH,MEDIUM,NO,"(r,Q)","(r,Q) v3 [Smooth]: σ_LTD_rob=848.1, SS_normal=1395 SS_spike=0 → SS=1395, ROP=3511, OQ=15447",1395.0,3511.0,15447.0,100.0,100.0,100.0,0.0,0.0,867.2073,768.3793,867.2073,0.0,0.0,0.0,"(r,Q)",NO,1.0,,LEAVE_BASELINE,LOW,,Is there any evidence this item needs intervention beyond routine monitoring?
PLANT_A__MATERIAL_0030,PLANT_A,MATERIAL_0030,Lumpy,Negative Binomial,84.7907,0.9354,2.3107,0.4893,41,Moderate,0.46,0.0,4.0,4.5,INCREASE,NO,,NB branch,HIGH,HIGH,YES,negbin,"NB branch: LTD_mean=195.9, LTD_var=23724.7, r_lt=1.63, p_lt=0.0083, ROP=752, SS=302, OQ=175",302.0,752.0,175.0,100.0,100.0,100.0,0.0,0.0,71128.2082,20438.8946,75503.6807,-4375.4725,0.0,0.0,negbin,NO,1.0,,OPTIMIZE_NOW,HIGH,distributional_branch_case,What operational constraint could still block implementation despite apparent service gain?
PLANT_A__MATERIAL_0046,PLANT_A,MATERIAL_0046,Smooth,Normal,194.7107,0.3097,1.0314,0.4885,22,Moderate,0.41,0.0,3.0,2.5,DECREASE,NO,,Base-stock,HIGH,MEDIUM,NO,"(s,S)","(s,S) v3: s=681, S=3332; SS=285, OQ=2651",285.0,681.0,2651.0,100.0,100.0,100.0,0.0,0.0,1120.9303,851.2457,1123.334,-2.4037,0.0,0.0,"(s,S)",YES,1.0,high_variance_order_up_to_case,OPTIMIZE_NOW,HIGH,order_up_to_case,What operational constraint could still block implementation despite apparent service gain?
PLANT_A__MATERIAL_0052,PLANT_A,MATERIAL_0052,Smooth,Normal,422.2719,0.2219,1.3156,0.6665,68,Unstable,0.49,0.0,3.0,3.0,MAINTAIN,NO,,"(r,Q)",HIGH,MEDIUM,NO,"(r,Q)","(r,Q) v3 [Smooth]: σ_LTD_rob=397.1, SS_normal=653 SS_spike=0 → SS=653, ROP=1631, OQ=3035",653.0,1631.0,3035.0,100.0,100.0,100.0,0.0,0.0,2727.8995,1685.9009,2727.8995,0.0,0.0,0.0,"(r,Q)",NO,1.0,,LEAVE_BASELINE,LOW,,Is there any evidence this item needs intervention beyond routine monitoring?
PLANT_A__MATERIAL_0066,PLANT_A,MATERIAL_0066,Smooth,Normal,424.4553,0.2165,1.5299,0.6311,70,Unstable,0.45,500.0,4.0,3.5,DECREASE,NO,,"(r,Q)",HIGH,MEDIUM,NO,"(r,Q)","(r,Q) v3 [Smooth]: σ_LTD_rob=448.0, SS_normal=737 SS_spike=0 → SS=737, ROP=1811, OQ=4632",737.0,1811.0,4632.0,100.0,100.0,100.0,0.0,0.0,1569.982,1293.4052,1569.982,0.0,0.0,0.0,"(r,Q)",NO,1.0,,LEAVE_BASELINE,LOW,,Is there any evidence this item needs intervention beyond routine monitoring?
PLANT_A__MATERIAL_0071,PLANT_A,MATERIAL_0071,Smooth,Normal,448.6323,0.2426,1.5899,0.5281,139,Unstable,0.6,300.0,3.5,2.5,DECREASE,NO,,"(r,Q)",MEDIUM,MEDIUM,NO,"(r,Q)","(r,Q) v3 [Smooth]: σ_LTD_rob=452.5, SS_normal=744 SS_spike=0 → SS=744, ROP=1906, OQ=3681",744.0,1906.0,3681.0,100.0,100.0,100.0,0.0,0.0,2235.5929,1611.2103,2235.5929,0.0,0.0,0.0,"(r,Q)",NO,1.0,,LEAVE_BASELINE,LOW,,Is there any evidence this item needs intervention beyond routine monitoring?
PLANT_A__MATERIAL_0075,PLANT_A,MATERIAL_0075,Smooth,Normal,979.0752,0.5297,1.548,0.6519,15,Unstable,0.21,2000.0,5.0,5.0,MAINTAIN,NO,,"(r,Q)",HIGH,HIGH,YES,"(r,Q)","(r,Q) v3 [Smooth]: σ_LTD_rob=1293.9, SS_normal=2128 SS_spike=0 → SS=2128, ROP=5602, OQ=48045",2128.0,5602.0,48045.0,100.0,100.0,100.0,0.0,0.0,416.9509,388.8346,416.9509,0.0,0.0,0.0,"(r,Q)",NO,1.0,,MONITOR,MEDIUM,,Should this item stay under observation for lead time or service deterioration?
PLANT_A__MATERIAL_0081,PLANT_A,MATERIAL_0081,Smooth,Normal,1112.6563,0.5233,0.0,0.0,0,Stable,0.62,6000.0,2.0,0.0,DECREASE,NO,,"(r,Q)",MEDIUM,MEDIUM,NO,"(r,Q)","(r,Q) v3 [Smooth]: σ_LTD_rob=0.0, SS_normal=0 SS_spike=0 → SS=0, ROP=0, OQ=12669",0.0,0.0,12669.0,95.0156,100.0,95.0156,-4.9844,0.0,1465.6537,2694.8559,1465.6537,0.0,-5.0,-2957.0,"(r,Q)",YES,1.0,thin_delivery_data,LLM_REVIEW,MEDIUM,thin_delivery_data,Which counterfactual or hidden constraint should be reviewed before optimizing this material?
PLANT_A__MATERIAL_0091,PLANT_A,MATERIAL_0091,Smooth,Normal,1178.3052,0.4968,2.4334,0.4596,73,Moderate,0.58,0.0,3.0,4.0,INCREASE,NO,,"(r,Q)",HIGH,MEDIUM,NO,"(r,Q)","(r,Q) v3 [Smooth]: σ_LTD_rob=2270.6, SS_normal=3735 SS_spike=0 → SS=3735, ROP=10137, OQ=7340",3735.0,10137.0,7340.0,100.0,100.0,100.0,0.0,0.0,9246.9676,4130.0818,9246.9676,0.0,0.0,0.0,"(r,Q)",NO,1.0,,LEAVE_BASELINE,LOW,,Is there any evidence this item needs intervention beyond routine monitoring?
PLANT_A__MATERIAL_0092,PLANT_A,MATERIAL_0092,Smooth,Normal,586.1395,0.4174,2.544,0.4271,78,Moderate,0.59,0.0,3.0,4.0,INCREASE,NO,,"(r,Q)",HIGH,MEDIUM,NO,"(r,Q)","(r,Q) v3 [Smooth]: σ_LTD_rob=1086.1, SS_normal=1786 SS_spike=0 → SS=1786, ROP=4449, OQ=3374",1786.0,4449.0,3374.0,100.0,100.0,100.0,0.0,0.0,9314.8051,4434.9164,9314.8051,0.0,0.0,0.0,"(r,Q)",NO,1.0,,LEAVE_BASELINE,LOW,,Is there any evidence this item needs intervention beyond routine monitoring?
PLANT_A__MATERIAL_0097,PLANT_A,MATERIAL_0097,Smooth,Normal,138.9573,0.5668,1.5464,0.5645,157,Unstable,0.56,100.0,3.0,3.0,MAINTAIN,NO,,"(r,Q)",HIGH,MEDIUM,NO,"(r,Q)","(r,Q) v3 [Smooth]: σ_LTD_rob=147.7, SS_normal=243 SS_spike=0 → SS=243, ROP=597, OQ=1501",243.0,597.0,1501.0,100.0,100.0,100.0,0.0,0.0,2484.7519,1930.3274,2484.7519,0.0,0.0,0.0,"(r,Q)",NO,1.0,,LEAVE_BASELINE,LOW,,Is there any evidence this item needs intervention beyond routine monitoring?
PLANT_A__MATERIAL_0145,PLANT_A,MATERIAL_0145,Smooth,Normal,199.215,0.3384,4.0052,0.4055,155,Moderate,0.24,0.0,4.0,10.0,INCREASE,NO,,"(r,Q)",HIGH,MEDIUM,NO,"(r,Q)","(r,Q) v3 [Smooth]: σ_LTD_rob=462.3, SS_normal=760 SS_spike=0 → SS=760, ROP=2156, OQ=2964",760.0,2156.0,2964.0,100.0,100.0,100.0,0.0,0.0,3515.7677,2153.3731,3515.7677,0.0,0.0,0.0,"(r,Q)",NO,1.0,,LEAVE_BASELINE,LOW,,Is there any evidence this item needs intervention beyond routine monitoring?
PLANT_A__MATERIAL_0146,PLANT_A,MATERIAL_0146,Smooth,Normal,199.2593,0.3384,3.9996,0.398,189,Moderate,0.29,0.0,4.0,9.5,INCREASE,NO,,"(r,Q)",HIGH,MEDIUM,YES,"(r,Q)","(r,Q) v3 [Smooth]: σ_LTD_rob=461.1, SS_normal=758 SS_spike=0 → SS=758, ROP=2153, OQ=1777",758.0,2153.0,1777.0,100.0,100.0,100.0,0.0,0.0,8013.6821,4228.89,8013.6821,0.0,0.0,0.0,"(r,Q)",NO,1.0,,LEAVE_BASELINE,LOW,,Is there any evidence this item needs intervention beyond routine monitoring?
PLANT_A__MATERIAL_0147,PLANT_A,MATERIAL_0147,Smooth,Normal,201.2889,0.322,4.0368,0.3973,187,Moderate,0.31,65.0,4.0,9.0,INCREASE,NO,,"(r,Q)",HIGH,MEDIUM,NO,"(r,Q)","(r,Q) v3 [Smooth]: σ_LTD_rob=464.8, SS_normal=765 SS_spike=0 → SS=765, ROP=2181, OQ=1305",765.0,2181.0,1305.0,100.0,100.0,100.0,0.0,0.0,13880.2149,7053.555,13880.2149,0.0,0.0,0.0,"(r,Q)",NO,1.0,,LEAVE_BASELINE,LOW,,Is there any evidence this item needs intervention beyond routine monitoring?
PLANT_A__MATERIAL_0148,PLANT_A,MATERIAL_0148,Smooth,Normal,198.7106,0.3387,4.1624,0.3699,143,Moderate,0.22,0.0,4.0,11.0,INCREASE,NO,,"(r,Q)",HIGH,MEDIUM,NO,"(r,Q)","(r,Q) v3 [Smooth]: σ_LTD_rob=462.2, SS_normal=760 SS_spike=0 → SS=760, ROP=2183, OQ=3471",760.0,2183.0,3471.0,100.0,100.0,100.0,0.0,0.0,2602.68,1613.4248,2602.68,0.0,0.0,0.0,"(r,Q)",NO,1.0,,LEAVE_BASELINE,LOW,,Is there any evidence this item needs intervention beyond routine monitoring?
PLANT_A__MATERIAL_0149,PLANT_A,MATERIAL_0149,Smooth,Normal,199.131,0.339,4.0831,0.3734,156,Moderate,0.22,50.0,4.0,10.5,INCREASE,NO,,"(r,Q)",HIGH,MEDIUM,NO,"(r,Q)","(r,Q) v3 [Smooth]: σ_LTD_rob=461.6, SS_normal=759 SS_spike=0 → SS=759, ROP=2169, OQ=2574",759.0,2169.0,2574.0,100.0,100.0,100.0,0.0,0.0,4313.7068,2577.3196,4313.7068,0.0,0.0,0.0,"(r,Q)",NO,1.0,,LEAVE_BASELINE,LOW,,Is there any evidence this item needs intervention beyond routine monitoring?
PLANT_A__MATERIAL_0155,PLANT_A,MATERIAL_0155,Erratic,Gamma,207.1252,0.7447,2.4742,0.4804,141,Moderate,0.58,300.0,3.0,4.0,INCREASE,NO,,"(r,Q)",HIGH,HIGH,YES,"(r,Q)","(r,Q) v3 [Erratic]: σ_LTD_rob=432.5, SS_normal=711 SS_spike=108 → SS=820, ROP=1954, OQ=4848",820.0,1954.0,4848.0,100.0,100.0,100.0,0.0,0.0,1235.9797,909.8489,1235.9797,0.0,0.0,0.0,"(r,Q)",NO,1.0,,MONITOR,MEDIUM,,Should this item stay under observation for lead time or service deterioration?
PLANT_A__MATERIAL_0156,PLANT_A,MATERIAL_0156,Erratic,Gamma,207.1252,0.7447,2.5435,0.4909,127,Moderate,0.57,300.0,3.0,4.0,INCREASE,NO,,"(r,Q)",HIGH,HIGH,YES,"(r,Q)","(r,Q) v3 [Erratic]: σ_LTD_rob=435.9, SS_normal=717 SS_spike=110 → SS=827, ROP=1975, OQ=1589",827.0,1975.0,1589.0,100.0,100.0,100.0,0.0,0.0,6761.8692,3705.5463,6761.8692,0.0,0.0,0.0,"(r,Q)",NO,1.0,,MONITOR,MEDIUM,,Should this item stay under observation for lead time or service deterioration?
PLANT_A__MATERIAL_0157,PLANT_A,MATERIAL_0157,Smooth,Normal,408.1068,0.3889,2.5157,0.4857,143,Moderate,0.58,380.0,3.0,4.0,INCREASE,NO,,"(r,Q)",HIGH,MEDIUM,NO,"(r,Q)","(r,Q) v3 [Smooth]: σ_LTD_rob=806.5, SS_normal=1326 SS_spike=0 → SS=1326, ROP=3577, OQ=1648",1326.0,3577.0,1648.0,100.0,100.0,100.0,0.0,0.0,19186.1316,8605.7833,19186.1316,0.0,0.0,0.0,"(r,Q)",NO,1.0,,LEAVE_BASELINE,LOW,,Is there any evidence this item needs intervention beyond routine monitoring?
PLANT_A__MATERIAL_0158,PLANT_A,MATERIAL_0158,Smooth,Normal,408.1068,0.3889,2.5712,0.4717,161,Moderate,0.62,380.0,3.0,4.0,INCREASE,NO,,"(r,Q)",HIGH,MEDIUM,NO,"(r,Q)","(r,Q) v3 [Smooth]: σ_LTD_rob=807.7, SS_normal=1328 SS_spike=0 → SS=1328, ROP=3602, OQ=5369",1328.0,3602.0,5369.0,100.0,100.0,100.0,0.0,0.0,2646.0725,1648.9942,2646.0725,0.0,0.0,0.0,"(r,Q)",NO,1.0,,LEAVE_BASELINE,LOW,,Is there any evidence this item needs intervention beyond routine monitoring?
PLANT_A__MATERIAL_0166,PLANT_A,MATERIAL_0166,Smooth,Normal,225.1433,0.4317,2.7322,0.4223,186,Moderate,0.63,100.0,2.5,3.5,INCREASE,NO,,"(r,Q)",HIGH,MEDIUM,NO,"(r,Q)","(r,Q) v3 [Smooth]: σ_LTD_rob=465.9, SS_normal=766 SS_spike=0 → SS=766, ROP=2057, OQ=1249",766.0,2057.0,1249.0,100.0,100.0,100.0,0.0,0.0,8484.4941,3979.0532,8484.4941,0.0,0.0,0.0,"(r,Q)",NO,1.0,,LEAVE_BASELINE,LOW,,Is there any evidence this item needs intervention beyond routine monitoring?
PLANT_A__MATERIAL_0197,PLANT_A,MATERIAL_0197,Smooth,Normal,1035.0636,0.6198,0.0,0.0,0,Stable,0.62,7500.0,2.0,0.0,DECREASE,NO,,"(r,Q)",MEDIUM,MEDIUM,NO,"(r,Q)","(r,Q) v3 [Smooth]: σ_LTD_rob=0.0, SS_normal=0 SS_spike=0 → SS=0, ROP=0, OQ=9894",0.0,0.0,9894.0,93.3297,100.0,93.3297,-6.6703,0.0,1389.7019,3755.0126,1389.7019,0.0,-5.0,-3450.0,"(r,Q)",YES,1.0,thin_delivery_data,LLM_REVIEW,MEDIUM,thin_delivery_data,Which counterfactual or hidden constraint should be reviewed before optimizing this material?
PLANT_A__MATERIAL_0203,PLANT_A,MATERIAL_0203,Smooth,Normal,1035.5121,0.6195,0.0,0.0,0,Stable,0.66,7500.0,2.0,0.0,DECREASE,NO,,"(r,Q)",HIGH,MEDIUM,NO,"(r,Q)","(r,Q) v3 [Smooth]: σ_LTD_rob=0.0, SS_normal=0 SS_spike=0 → SS=0, ROP=0, OQ=2596",0.0,0.0,2596.0,80.1709,100.0,80.1709,-19.8291,0.0,4970.9005,37339.9686,4970.9005,0.0,-16.0,-10256.0,"(r,Q)",YES,1.0,thin_delivery_data,LLM_REVIEW,MEDIUM,thin_delivery_data,Which counterfactual or hidden constraint should be reviewed before optimizing this material?
PLANT_A__MATERIAL_0221,PLANT_A,MATERIAL_0221,Smooth,Normal,347.0325,0.4428,2.5664,0.4637,118,Moderate,0.63,300.0,3.0,3.5,INCREASE,NO,,"(r,Q)",HIGH,MEDIUM,NO,"(r,Q)","(r,Q) v3 [Smooth]: σ_LTD_rob=674.8, SS_normal=1110 SS_spike=0 → SS=1110, ROP=3042, OQ=1782",1110.0,3042.0,1782.0,100.0,100.0,100.0,0.0,0.0,11391.6752,5357.1047,11391.6752,0.0,0.0,0.0,"(r,Q)",NO,1.0,,LEAVE_BASELINE,LOW,,Is there any evidence this item needs intervention beyond routine monitoring?
PLANT_A__MATERIAL_0236,PLANT_A,MATERIAL_0236,Smooth,Normal,1348.5009,0.4904,2.6704,0.4657,169,Moderate,0.56,1000.0,3.0,4.5,INCREASE,NO,,"(r,Q)",HIGH,MEDIUM,NO,"(r,Q)","(r,Q) v3 [Smooth]: σ_LTD_rob=2771.1, SS_normal=4558 SS_spike=0 → SS=4558, ROP=12205, OQ=8167",4558.0,12205.0,8167.0,100.0,100.0,100.0,0.0,0.0,9597.6183,4794.0001,9597.6183,0.0,0.0,0.0,"(r,Q)",NO,1.0,,LEAVE_BASELINE,LOW,,Is there any evidence this item needs intervention beyond routine monitoring?
PLANT_B__MATERIAL_0103,PLANT_B,MATERIAL_0103,Smooth,Normal,152.5912,0.5476,1.36,0.8014,39,Unstable,0.23,0.0,4.5,4.5,MAINTAIN,NO,,"(r,Q)",HIGH,HIGH,YES,"(r,Q)","(r,Q) v3 [Smooth]: σ_LTD_rob=172.0, SS_normal=283 SS_spike=0 → SS=283, ROP=643, OQ=2518",283.0,643.0,2518.0,100.0,100.0,100.0,0.0,0.0,911.2948,668.3797,911.2948,0.0,0.0,0.0,"(r,Q)",NO,1.0,,MONITOR,MEDIUM,,Should this item stay under observation for lead time or service deterioration?
PLANT_B__MATERIAL_0131,PLANT_B,MATERIAL_0131,Smooth,Normal,802.6087,0.5293,0.28,1.3686,10,Unstable,0.31,10400.0,3.0,1.5,DECREASE,NO,,"(r,Q)",HIGH,HIGH,YES,"(r,Q)","(r,Q) v3 [Smooth]: σ_LTD_rob=359.7, SS_normal=592 SS_spike=0 → SS=592, ROP=1619, OQ=14375",592.0,1619.0,14375.0,99.7628,100.0,99.7628,-0.2372,0.0,599.979,1346.3966,599.979,0.0,-1.0,-219.2,"(r,Q)",NO,1.0,,MONITOR,MEDIUM,,Should this item stay under observation for lead time or service deterioration?
PLANT_B__MATERIAL_0151,PLANT_B,MATERIAL_0151,Smooth,Normal,1576.6134,0.4063,1.5635,0.6027,37,Unstable,0.42,3000.0,4.0,3.5,DECREASE,NO,,"(r,Q)",MEDIUM,MEDIUM,NO,"(r,Q)","(r,Q) v3 [Smooth]: σ_LTD_rob=1702.4, SS_normal=2800 SS_spike=0 → SS=2800, ROP=6842, OQ=40290",2800.0,6842.0,40290.0,100.0,100.0,100.0,0.0,0.0,538.4503,507.4025,538.4503,0.0,0.0,0.0,"(r,Q)",NO,1.0,,LEAVE_BASELINE,LOW,,Is there any evidence this item needs intervention beyond routine monitoring?
PLANT_B__MATERIAL_0201,PLANT_B,MATERIAL_0201,Smooth,Normal,29.6618,0.2435,0.28,0.0,1,Stable,0.14,800.0,4.0,1.0,DECREASE,NO,,"(r,Q)",HIGH,MEDIUM,NO,"(r,Q)","(r,Q) v3 [Smooth]: σ_LTD_rob=13.0, SS_normal=21 SS_spike=0 → SS=21, ROP=29, OQ=1416",21.0,29.0,1416.0,99.3269,100.0,99.3269,-0.6731,0.0,273.4112,544.6506,273.4112,0.0,-2.0,-14.92,"(r,Q)",YES,1.0,thin_delivery_data,LLM_REVIEW,MEDIUM,thin_delivery_data,Which counterfactual or hidden constraint should be reviewed before optimizing this material?
PLANT_B__MATERIAL_0202,PLANT_B,MATERIAL_0202,Smooth,Normal,457.0172,0.6074,0.2414,1.0269,14,Unstable,0.34,4000.0,5.0,1.0,DECREASE,NO,,"(r,Q)",HIGH,MEDIUM,NO,"(r,Q)","(r,Q) v3 [Smooth]: σ_LTD_rob=218.0, SS_normal=359 SS_spike=0 → SS=359, ROP=926, OQ=46325",359.0,926.0,46325.0,100.0,100.0,100.0,0.0,0.0,281.4697,305.0846,281.4697,0.0,0.0,0.0,"(r,Q)",NO,1.0,,LEAVE_BASELINE,LOW,,Is there any evidence this item needs intervention beyond routine monitoring?
PLANT_B__MATERIAL_0203,PLANT_B,MATERIAL_0203,Smooth,Normal,1121.5982,0.5332,0.0,0.0,0,Stable,0.8,9000.0,2.0,0.0,DECREASE,NO,,"(r,Q)",HIGH,MEDIUM,NO,"(r,Q)","(r,Q) v3 [Smooth]: σ_LTD_rob=0.0, SS_normal=0 SS_spike=0 → SS=0, ROP=0, OQ=2232",0.0,0.0,2232.0,65.3313,100.0,65.3313,-34.6687,0.0,645.7341,34616.6228,645.7341,0.0,-40.0,-46194.0,"(r,Q)",YES,1.0,thin_delivery_data,LLM_REVIEW,MEDIUM,thin_delivery_data,Which counterfactual or hidden constraint should be reviewed before optimizing this material?
PLANT_B__MATERIAL_0211,PLANT_B,MATERIAL_0211,Smooth,Normal,78971.9613,0.5886,1.0216,0.8023,93,Unstable,0.53,250000.0,5.0,2.5,DECREASE,NO,,"(r,Q)",HIGH,MEDIUM,YES,"(r,Q)","(r,Q) v3 [Smooth]: σ_LTD_rob=92567.2, SS_normal=152260 SS_spike=0 → SS=59608(capped), ROP=298230, OQ=29804",59608.0,298230.0,29804.0,28.5326,28.9763,28.5326,-0.4437,0.0,12027.4859,15305.9682,12027.4859,0.0,0.0,-32447.7557,"(r,Q)",NO,1.0,,LEAVE_BASELINE,LOW,,Is there any evidence this item needs intervention beyond routine monitoring?
PLANT_B__MATERIAL_0221,PLANT_B,MATERIAL_0221,Erratic,Gamma,235.1035,0.7525,2.7837,0.4134,87,Moderate,0.57,0.0,3.0,4.0,INCREASE,NO,,"(r,Q)",HIGH,HIGH,YES,"(r,Q)","(r,Q) v3 [Erratic]: σ_LTD_rob=509.0, SS_normal=837 SS_spike=135 → SS=972, ROP=2332, OQ=1574",972.0,2332.0,1574.0,100.0,100.0,100.0,0.0,0.0,10197.8617,4729.9022,10197.8617,0.0,0.0,0.0,"(r,Q)",NO,1.0,,MONITOR,MEDIUM,,Should this item stay under observation for lead time or service deterioration?
PLANT_A__MATERIAL_0200,PLANT_A,MATERIAL_0200,Lumpy,Negative Binomial,153.1181,1.1931,5.6955,0.2423,20,Moderate,0.55,0.0,4.5,7.0,INCREASE,NO,,NB branch,HIGH,HIGH,YES,negbin,"NB branch: LTD_mean=872.1, LTD_var=234719.1, r_lt=3.25, p_lt=0.0037, ROP=2096, SS=918, OQ=3239",918.0,2096.0,3239.0,100.0,100.0,100.0,0.0,0.0,2128.6692,1382.0399,1964.5702,164.099,0.0,0.0,negbin,NO,0.9672,cost_premium_vs_universal_rq,OPTIMIZE_NOW,HIGH,distributional_branch_case|cost_premium_vs_universal_rq,What operational constraint could still block implementation despite apparent service gain?
PLANT_A__MATERIAL_0206,PLANT_A,MATERIAL_0206,Lumpy,Negative Binomial,79.8698,1.1729,4.8662,0.3011,32,Moderate,0.57,96.0,5.0,6.5,INCREASE,NO,,NB branch,HIGH,HIGH,YES,negbin,"NB branch: LTD_mean=388.7, LTD_var=56398.6, r_lt=2.70, p_lt=0.0069, ROP=1003, SS=455, OQ=1282",455.0,1003.0,1282.0,100.0,100.0,100.0,0.0,0.0,3121.1112,2066.792,2956.354,164.7572,0.0,0.0,negbin,NO,0.967,cost_premium_vs_universal_rq,OPTIMIZE_NOW,HIGH,distributional_branch_case|cost_premium_vs_universal_rq,What operational constraint could still block implementation despite apparent service gain?
PLANT_A__MATERIAL_0205,PLANT_A,MATERIAL_0205,Lumpy,Negative Binomial,79.3209,1.1727,5.1432,0.2853,28,Moderate,0.62,288.0,5.0,6.0,INCREASE,NO,,NB branch,HIGH,HIGH,YES,negbin,"NB branch: LTD_mean=408.0, LTD_var=58045.4, r_lt=2.89, p_lt=0.0070, ROP=1026, SS=459, OQ=1400",459.0,1026.0,1400.0,100.0,100.0,100.0,0.0,0.0,2767.8513,2208.5364,2598.3808,169.4705,0.0,0.0,negbin,NO,0.9661,cost_premium_vs_universal_rq,OPTIMIZE_NOW,HIGH,distributional_branch_case|cost_premium_vs_universal_rq,What operational constraint could still block implementation despite apparent service gain?
PLANT_A__MATERIAL_0029,PLANT_A,MATERIAL_0029,Lumpy,Negative Binomial,97.8512,0.886,2.7734,0.4696,77,Moderate,0.54,0.0,4.0,4.5,INCREASE,NO,,NB branch,HIGH,HIGH,YES,negbin,"NB branch: LTD_mean=271.4, LTD_var=37086.1, r_lt=2.00, p_lt=0.0073, ROP=939, SS=374, OQ=185",374.0,939.0,185.0,100.0,100.0,100.0,0.0,0.0,100209.2333,39351.9276,99844.6106,364.6227,0.0,0.0,negbin,NO,0.9271,cost_premium_vs_universal_rq,OPTIMIZE_NOW,HIGH,distributional_branch_case|cost_premium_vs_universal_rq,What operational constraint could still block implementation despite apparent service gain?
PLANT_A__MATERIAL_0022,PLANT_A,MATERIAL_0022,Lumpy,Negative Binomial,258.237,1.1797,1.09,0.8497,8,Unstable,0.2,0.0,2.5,4.0,INCREASE,YES,UNSTABLE_LT_THIN_DATA|UNSTABLE_LT_SEVERE_VARIANCE|UNSTABLE_LT_SLT_INCREASE,NB branch,HIGH,HIGH,YES,negbin,"NB branch: LTD_mean=281.5, LTD_var=158359.2, r_lt=0.50, p_lt=0.0018, ROP=1339, SS=799, OQ=309",799.0,1339.0,309.0,100.0,100.0,100.0,0.0,0.0,118327.6943,41954.0749,100200.6157,18127.0786,0.0,0.0,negbin,YES,0.3746,hard_flag|thin_delivery_data|cost_premium_vs_universal_rq,OPTIMIZE_NOW,HIGH,hard_flag|thin_delivery_data|distributional_branch_case|cost_premium_vs_universal_rq,What operational constraint could still block implementation despite apparent service gain?
PLANT_B__MATERIAL_0115,PLANT_B,MATERIAL_0115,Smooth,Normal,82.3853,0.6262,3.8259,0.3196,90,Moderate,0.66,224.0,3.8,4.0,MAINTAIN,NO,,"(r,Q)",HIGH,MEDIUM,NO,"(r,Q)","(r,Q) v3 [Smooth]: σ_LTD_rob=191.9, SS_normal=316 SS_spike=0 → SS=316, ROP=878, OQ=225",316.0,878.0,225.0,100.0,100.0,100.0,0.0,0.0,65647.8465,39983.4637,65647.8465,0.0,0.0,0.0,"(r,Q)",NO,0.0,,LEAVE_BASELINE,LOW,,Is there any evidence this item needs intervention beyond routine monitoring?
PLANT_B__MATERIAL_0116,PLANT_B,MATERIAL_0116,Smooth,Normal,229.1642,0.4236,3.6748,0.3541,141,Moderate,0.67,224.0,3.8,4.0,MAINTAIN,NO,,"(r,Q)",HIGH,MEDIUM,NO,"(r,Q)","(r,Q) v3 [Smooth]: σ_LTD_rob=469.4, SS_normal=772 SS_spike=0 → SS=752(capped), ROP=2052, OQ=376",752.0,2052.0,376.0,100.0,100.0,100.0,0.0,0.0,134928.4101,60114.6465,134928.4101,0.0,0.0,0.0,"(r,Q)",NO,0.0,,LEAVE_BASELINE,LOW,,Is there any evidence this item needs intervention beyond routine monitoring?
