item_key,input_flag_bucket,input_priority,status,final_bucket,review_confidence,counterfactual_priority,route_to_code,code_task,requires_planner_contact,requires_supplier_contact,planner_note,route_used,hard_escalation_flag,delivery_observations,lead_time_stability,supplier_reliability,fill_gain_vs_sap_pct_pts,fill_gain_vs_universal_rq_pct_pts,stockout_days_reduction_vs_sap,cost_delta_vs_universal_rq,opportunity_score,recommended_next_action,or_rationale,ensemble_n_runs,ensemble_n_valid,ensemble_agreement_rate,ensemble_confidence,notes,llm_error
PLANT_B__MATERIAL_0135,OPTIMIZE_NOW,HIGH,ok,OPTIMIZE_NOW,MEDIUM,none,request_supplier_review,Evaluate supplier reliability and lead time stability for material PLANT_B__MATERIAL_0135.,NO,YES,,negbin,YES,139,Unstable,0.16,19.9413,2.264,16.0,4159.9601,103.4738,Contact the supplier to discuss reliability issues.,"Despite a service gain of 19.94 percentage points against SAP, the supplier reliability is critically low at 0.16, and the lead time is unstable. This raises concerns about the feasibility of implementing the optimization effectively.",5,5,1.0,HIGH,The hard escalation flag indicates severe concerns that need immediate attention.,
PLANT_B__MATERIAL_0217,OPTIMIZE_NOW,HIGH,ok,OPTIMIZE_NOW,MEDIUM,none,optimize_policy,Evaluate the impact of the hard flag on the optimization strategy.,YES,YES,,negbin,YES,15,Moderate,0.56,14.3208,-0.1789,20.0,25.0444,73.2902,Proceed with a detailed review of the hard flag implications.,"The service gain of 14.32 percentage points against SAP indicates a significant improvement, but the moderate lead time stability and a supplier reliability of 0.56 raise concerns about consistent implementation. The hard escalation flag suggests that there are unresolved issues that could hinder the operationalization despite the apparent benefits.",5,5,1.0,HIGH,Consider the implications of the distributional branch case in the optimization strategy.,
PLANT_A__MATERIAL_0222,OPTIMIZE_NOW,HIGH,ok,OPTIMIZE_NOW,MEDIUM,none,request_supplier_review,Evaluate supplier reliability and lead time stability for material PLANT_A__MATERIAL_0222.,NO,YES,,negbin,YES,36,Unstable,0.47,13.3459,0.4491,14.0,4518.8323,67.3375,Contact the supplier to assess reliability and lead time issues.,"The service gain of 13.3459 percentage points against SAP indicates a significant improvement, but the supplier reliability is only 0.47, which is below acceptable thresholds. Additionally, the lead time is unstable, which poses a risk to implementation despite the apparent benefits.",5,5,1.0,HIGH,The hard escalation flag indicates that immediate attention is required to address these constraints.,
PLANT_B__MATERIAL_0210,OPTIMIZE_NOW,HIGH,ok,LLM_REVIEW,MEDIUM,none,request_planner_review,Evaluate operational constraints impacting implementation despite service gains.,YES,NO,,"(r,Q)",NO,105,Unstable,0.52,12.2948,0.0,14.0,0.0,63.6431,Engage with the planner to assess operational constraints.,"The service gain of 12.29 percentage points against SAP indicates a potential improvement, but the unstable lead time and low supplier reliability (0.52) raise concerns about consistent delivery. These factors could hinder the implementation of the proposed optimization.",5,5,0.6,MEDIUM,Consider the implications of lead time stability and supplier reliability on the overall optimization strategy.,
PLANT_A__MATERIAL_0216,OPTIMIZE_NOW,HIGH,ok,OPTIMIZE_NOW,MEDIUM,none,optimize_policy,Evaluate the impact of the cost delta on the overall service gain.,YES,YES,,negbin,YES,24,Moderate,0.48,10.9756,4.7732,3.0,94.1706,62.4559,Proceed with optimizing the policy while addressing supplier reliability issues.,"The service gain of 10.9756 percentage points against SAP indicates a significant improvement, but the moderate lead time stability and low supplier reliability (0.48) raise concerns about consistent implementation. The hard escalation flag suggests that there are critical issues that need to be addressed before proceeding.",5,5,1.0,HIGH,Consider a detailed review of the supplier's capacity to meet the new demands.,
PLANT_A__MATERIAL_0154,OPTIMIZE_NOW,HIGH,ok,OPTIMIZE_NOW,MEDIUM,none,optimize_policy,Evaluate the impact of the NB branch on supplier reliability and lead time stability.,YES,YES,,negbin,NO,0,Stable,0.12,6.7658,5.9211,1.0,-29.812,46.5845,Proceed with optimizing the policy while addressing supplier reliability issues.,"The service gain of 6.7658 percentage points against SAP indicates a significant improvement, but the supplier reliability is critically low at 0.12. This raises concerns about the feasibility of implementation despite the apparent benefits.",5,5,1.0,HIGH,Consider the implications of thin delivery data on operational decisions.,
PLANT_B__MATERIAL_0230,OPTIMIZE_NOW,HIGH,ok,OPTIMIZE_NOW,MEDIUM,none,request_planner_review,Evaluate the impact of unstable lead times on the proposed optimization.,YES,YES,,"(r,Q)",NO,213,Unstable,0.32,5.6172,0.0,13.0,0.0,34.2368,Engage with the planner to assess lead time impacts.,"The service gain of 5.6172 percentage points against SAP indicates a potential improvement, but the unstable lead time and low supplier reliability (0.32) raise concerns about the feasibility of implementation. These factors could hinder the expected service gains despite the apparent benefits.",5,5,0.8,HIGH,Consider the implications of the unstable lead time on overall service delivery.,
PLANT_A__MATERIAL_0083,OPTIMIZE_NOW,HIGH,ok,OPTIMIZE_NOW,MEDIUM,none,optimize_policy,Evaluate the impact of the cost premium on the overall service gain.,YES,YES,,negbin,YES,0,Stable,0.29,6.0537,2.1911,1.0,14.1813,33.5379,Assess the cost implications further before proceeding with optimization.,"The service gain of 6.0537 percentage points against SAP indicates a positive impact, but the cost delta of 14.1813 suggests a significant premium that could affect implementation viability. Additionally, the supplier reliability of 0.29 raises concerns about consistent delivery, which could hinder operational effectiveness despite the apparent gains.",5,5,1.0,HIGH,Consider discussing the delivery observations and lead time stability with the planner.,
PLANT_A__MATERIAL_0082,OPTIMIZE_NOW,HIGH,ok,OPTIMIZE_NOW,MEDIUM,none,optimize_policy,Evaluate the impact of supplier reliability on the proposed optimization.,YES,YES,,negbin,NO,0,Stable,0.49,4.6311,3.7466,1.0,-2.6508,31.5197,Proceed with a detailed review of supplier reliability metrics.,"The service gain of 4.6311 percentage points against SAP indicates a potential benefit, but the supplier reliability at 0.49 raises concerns about consistent delivery. Additionally, the thin delivery data suggests that the observed gains may not be stable over time.",5,5,1.0,HIGH,Consider the implications of the distributional branch case in the optimization strategy.,
PLANT_A__MATERIAL_0040,LLM_REVIEW,HIGH,ok,LLM_REVIEW,MEDIUM,none,request_planner_review,Review counterfactuals related to supplier reliability and delivery observations.,YES,YES,,"(r,Q)",NO,0,Stable,0.04,7.4074,0.0,0.0,0.0,30.6296,Engage the planner to review the supplier reliability and delivery data.,"The supplier reliability is critically low at 0.04, indicating a significant risk in material availability. Additionally, the delivery observations are at zero, suggesting insufficient data to support optimization decisions.",5,5,1.0,HIGH,Focus on understanding the implications of the low supplier reliability.,
PLANT_A__MATERIAL_0087,OPTIMIZE_NOW,HIGH,ok,OPTIMIZE_NOW,MEDIUM,none,optimize_policy,Evaluate cost tradeoff against fill gain for material PLANT_A__MATERIAL_0087.,YES,YES,,negbin,NO,0,Stable,0.58,-0.1745,8.1588,-1.0,2.996,25.4758,Proceed with a detailed cost-benefit analysis.,"The fill gain versus universal RQ is positive at 8.1588 percentage points, indicating potential service improvement. However, the cost delta of 2.996 suggests a significant premium that may affect overall feasibility despite the apparent service gain.",5,5,1.0,HIGH,Consider the implications of thin delivery data on the decision-making process.,
PLANT_A__MATERIAL_0088,OPTIMIZE_NOW,HIGH,ok,OPTIMIZE_NOW,MEDIUM,none,optimize_policy,Implement EOQ model adjustments for material PLANT_A__MATERIAL_0088.,NO,YES,,eoq,NO,0,Stable,0.8,3.003,3.003,2.0,452.269,23.4365,Proceed with optimization while monitoring cost implications.,"The service gain of 3.003 percentage points against SAP indicates a positive impact on fill rates. However, the cost premium of 452.269 against the universal RQ suggests that while service levels improve, the financial implications need careful consideration.",5,5,1.0,HIGH,Consider discussing the cost implications with the supplier to explore potential adjustments.,
PLANT_A__MATERIAL_0036,OPTIMIZE_NOW,HIGH,ok,OPTIMIZE_NOW,MEDIUM,none,request_supplier_review,Evaluate supplier reliability and lead time stability for material PLANT_A__MATERIAL_0036.,NO,YES,,negbin,YES,21,Unstable,0.49,3.2323,0.7754,4.0,1392.9947,20.9919,Contact the supplier to discuss reliability issues.,"The service gain of 3.2323 percentage points against SAP indicates a potential improvement, but the supplier reliability is only 0.49, which is below acceptable thresholds. Additionally, the lead time is unstable, which could hinder implementation despite the apparent benefits.",5,5,1.0,HIGH,The hard escalation flag indicates significant concerns that need to be addressed before proceeding.,
PLANT_A__MATERIAL_0096,OPTIMIZE_NOW,HIGH,ok,OPTIMIZE_NOW,MEDIUM,none,request_supplier_review,Evaluate supplier reliability and lead time stability for material PLANT_A__MATERIAL_0096.,NO,YES,,negbin,YES,59,Unstable,0.43,3.1769,0.3847,5.0,329.1565,20.5483,Contact the supplier to discuss reliability issues.,"Despite a service gain of 3.1769 percentage points against SAP, the supplier reliability is only 0.43, indicating a significant risk in fulfilling demand. Additionally, the lead time is unstable, which could lead to further stockouts despite the projected gains.",5,5,1.0,HIGH,The hard escalation flag indicates that immediate attention is required to address these issues.,
PLANT_B__MATERIAL_0197,LLM_REVIEW,HIGH,ok,LLM_REVIEW,MEDIUM,none,request_planner_review,Review counterfactuals related to delivery data and cost premiums.,YES,NO,,eoq,NO,0,Stable,0.75,-10.7952,6.2044,-11.0,471.5161,19.5189,Conduct a planner review to assess counterfactuals and hidden constraints.,The item has a high LLM review priority due to thin delivery data and a significant cost premium compared to the universal request. The cost delta of 471.5161 indicates a substantial financial impact that needs careful consideration before proceeding with optimization.,5,5,1.0,HIGH,Focus on the implications of thin delivery data and cost premiums.,
PLANT_A__MATERIAL_0028,OPTIMIZE_NOW,HIGH,ok,OPTIMIZE_NOW,MEDIUM,none,request_supplier_review,Evaluate supplier reliability and potential impacts on service gain.,NO,YES,,negbin,YES,0,Stable,0.01,3.6,-0.4,1.0,-170.5537,17.1501,Contact the supplier to assess reliability and delivery capabilities.,"Despite a service gain of 3.6 percentage points against SAP, the supplier reliability is critically low at 0.01, which poses a significant risk to implementation. The hard escalation flag indicates that immediate attention is required to address these constraints.",5,5,1.0,HIGH,Immediate supplier engagement is crucial to mitigate risks associated with low reliability.,
PLANT_A__MATERIAL_0027,OPTIMIZE_NOW,HIGH,ok,OPTIMIZE_NOW,MEDIUM,none,optimize_policy,Implement optimization policy for material PLANT_A__MATERIAL_0027 considering service gain and stockout reduction.,YES,YES,,"(s,S)",NO,23,Unstable,0.44,2.6045,0.0,14.0,39603.1653,16.0033,Proceed with optimization policy implementation.,"The service gain of 2.6045 percentage points against SAP indicates a potential improvement, but the unstable lead time and low supplier reliability (0.44) could hinder implementation. Additionally, the cost premium of 39603.1653 compared to universal RQ raises concerns about feasibility.",5,5,1.0,HIGH,Monitor supplier performance closely during implementation.,
PLANT_B__MATERIAL_0213,OPTIMIZE_NOW,HIGH,ok,OPTIMIZE_NOW,MEDIUM,none,request_planner_review,Evaluate the impact of lead time stability on the proposed optimization.,YES,YES,,negbin,YES,18,Moderate,0.61,3.5199,-0.028,1.0,-0.8819,15.8409,Engage with the planner to assess lead time implications.,"The service gain of 3.52 percentage points against SAP indicates a potential benefit, but the moderate lead time stability (18 days) and a supplier reliability of 0.61 raise concerns about the feasibility of implementation. The hard escalation flag suggests that there are significant risks that need to be addressed before proceeding.",5,5,1.0,HIGH,Consider the hard escalation flag in discussions.,
PLANT_B__MATERIAL_0057,OPTIMIZE_NOW,HIGH,ok,OPTIMIZE_NOW,MEDIUM,none,optimize_policy,Implement optimization policy for material PLANT_B__MATERIAL_0057 considering service gain.,YES,YES,,"(r,Q)",NO,192,Unstable,0.55,1.4653,0.0,7.0,0.0,12.1159,Proceed with optimization policy implementation while monitoring supplier reliability.,"The service gain of 1.4653 percentage points against SAP indicates a potential improvement in fill rates. However, the unstable lead time and low supplier reliability (0.55) could hinder effective implementation despite the apparent benefits.",5,5,0.8,HIGH,Close attention to lead time stability and supplier performance is crucial.,
PLANT_B__MATERIAL_0196,OPTIMIZE_NOW,HIGH,ok,OPTIMIZE_NOW,MEDIUM,none,request_supplier_review,Evaluate supplier reliability and lead time stability for material PLANT_B__MATERIAL_0196.,NO,YES,,negbin,YES,11,Unstable,0.22,1.3933,-13.6931,0.0,-20075.3656,7.6375,Contact the supplier to assess reliability and lead time issues.,"Despite a service gain of 1.3933 percentage points against SAP, the supplier reliability is critically low at 0.22, and the lead time is unstable. This indicates that while optimization is possible, the implementation may face significant operational constraints.",5,5,1.0,HIGH,Hard escalation flag indicates a critical need for supplier engagement.,
PLANT_A__MATERIAL_0038,LLM_REVIEW,MEDIUM,ok,LLM_REVIEW,MEDIUM,none,request_planner_review,Review the counterfactuals related to supplier reliability and delivery observations.,YES,NO,,"(r,Q)",NO,0,Stable,0.26,1.6129,0.0,0.0,0.0,7.4516,Contact the planner for a detailed review of supplier reliability.,"The supplier reliability is notably low at 0.26, which raises concerns about the feasibility of optimizing this material without further review. Additionally, the delivery observations are at 0, indicating a lack of data to support any optimization claims.",5,5,1.0,HIGH,Further investigation into delivery data is necessary before proceeding.,
PLANT_B__MATERIAL_0228,LLM_REVIEW,MEDIUM,ok,LLM_REVIEW,MEDIUM,none,request_planner_review,Review stockout reduction against SAP for material PLANT_B__MATERIAL_0228.,YES,NO,,"(r,Q)",NO,193,Unstable,0.46,0.4493,0.0,4.0,0.0,6.8056,Engage the planner to review the stockout reduction strategy.,"The lead time stability is unstable, which raises concerns about the reliability of the current model. Additionally, the supplier reliability is low at 0.46, indicating potential risks in supply chain performance that need to be addressed before proceeding with optimization.",5,5,1.0,HIGH,Focus on addressing the supplier reliability and lead time stability issues.,
PLANT_B__MATERIAL_0216,OPTIMIZE_NOW,HIGH,ok,OPTIMIZE_NOW,MEDIUM,none,request_supplier_review,Evaluate supplier reliability and lead time stability for material PLANT_B__MATERIAL_0216.,NO,YES,,negbin,YES,20,Moderate,0.56,1.1496,-0.0336,0.0,-1.3956,6.6022,Contact the supplier to discuss reliability issues.,"The service gain of 1.1496 percentage points against SAP indicates a potential benefit, but the moderate lead time stability and low supplier reliability (0.56) raise concerns about implementation feasibility. The hard escalation flag suggests that immediate action is necessary despite the apparent gains.",5,5,1.0,HIGH,The hard flag indicates a critical need for supplier engagement.,
PLANT_A__MATERIAL_0060,LLM_REVIEW,MEDIUM,ok,LLM_REVIEW,MEDIUM,none,request_planner_review,Review counterfactuals related to supplier reliability and delivery data.,YES,NO,,eoq,NO,0,Stable,0.35,0.794,0.794,0.0,164.6921,6.5395,Engage the planner to review the supplier reliability and delivery data.,"The cost delta of 164.6921 compared to the universal RQ indicates a significant premium that needs to be justified. Additionally, the supplier reliability is low at 0.35, which raises concerns about the stability of supply and potential stockouts.",5,5,1.0,HIGH,Consider the implications of the cost premium and supplier reliability before proceeding.,
PLANT_B__MATERIAL_0191,LLM_REVIEW,MEDIUM,ok,LLM_REVIEW,MEDIUM,none,request_planner_review,Review counterfactuals related to lead time stability and supplier reliability.,YES,YES,,"(r,Q)",NO,218,Unstable,0.49,1.0239,0.0,0.0,0.0,5.8504,Conduct a planner review focusing on lead time and supplier reliability.,"The lead time stability is marked as unstable, which raises concerns about the reliability of the supply chain. Additionally, the supplier reliability is at 0.49, indicating a significant risk that could impact service levels. These factors necessitate a thorough review before proceeding with any optimization.",5,5,1.0,HIGH,Reviewing these constraints is essential to ensure that any optimization does not exacerbate existing issues.,
PLANT_A__MATERIAL_0039,OPTIMIZE_NOW,HIGH,ok,OPTIMIZE_NOW,LOW,none,request_supplier_review,Evaluate supplier reliability and delivery capabilities.,NO,YES,,negbin,YES,0,Stable,0.07,0.9259,-7.4074,0.0,-85.3011,5.7036,Contact the supplier to assess reliability and delivery capabilities.,"Despite a high fill gain percentage of 92.59% against SAP, the supplier reliability is critically low at 7%. This indicates a significant risk in actual service delivery, which could negate the apparent benefits of optimization. The hard escalation flag further complicates the situation, necessitating a review of supplier capabilities.",5,5,1.0,HIGH,The situation requires immediate attention to supplier reliability to ensure successful implementation.,
PLANT_B__MATERIAL_0096,MONITOR,MEDIUM,ok,MONITOR,MEDIUM,none,keep_baseline,Maintain current monitoring status for item PLANT_B__MATERIAL_0096.,NO,YES,,"(r,Q)",NO,72,Unstable,0.46,0.8936,0.0,1.0,0.0,5.3248,Continue to observe the item for any changes in lead time or service performance.,"The lead time stability is marked as unstable, and the supplier reliability is low at 0.46, indicating potential risks in service delivery. Given these factors, it is prudent to continue monitoring the item rather than making immediate changes.",5,5,1.0,HIGH,Monitoring is essential due to the current instability in lead times and supplier reliability.,
PLANT_B__MATERIAL_0214,OPTIMIZE_NOW,HIGH,ok,OPTIMIZE_NOW,MEDIUM,none,request_supplier_review,Evaluate supplier reliability and lead time stability for material PLANT_B__MATERIAL_0214.,NO,YES,,negbin,YES,20,Unstable,0.45,0.6663,0.059,0.0,0.0,4.8443,Contact the supplier to assess reliability and lead time issues.,"The current supplier reliability is at 0.45, indicating a significant risk in fulfilling demand. Additionally, the lead time is unstable, which could hinder the implementation of the optimization despite the apparent service gain of 0.059 percentage points over the universal request.",5,5,1.0,HIGH,Hard escalation flag indicates critical attention is needed.,
PLANT_A__MATERIAL_0110,MONITOR,MEDIUM,ok,MONITOR,MEDIUM,none,keep_baseline,Continue monitoring lead time and supplier reliability for material PLANT_A__MATERIAL_0110.,NO,YES,,"(r,Q)",NO,210,Unstable,0.37,0.4251,0.0,1.0,0.0,4.4513,Maintain observation on this item for potential lead time issues.,"The lead time stability is currently unstable, and the supplier reliability is low at 0.37. Given these factors, it is prudent to keep this item under observation to assess any further deterioration in service levels.",5,5,1.0,HIGH,"No hard escalation flags are present, but the situation requires vigilance.",
PLANT_A__MATERIAL_0074,LLM_REVIEW,MEDIUM,ok,LLM_REVIEW,MEDIUM,none,request_planner_review,Review counterfactuals related to delivery data and cost premiums.,YES,NO,,eoq,NO,0,Stable,0.9493,-1.5441,0.8727,-1.0,124.3963,3.5932,Conduct a planner review to assess delivery data and cost implications.,"The cost delta of 124.3963 compared to the universal RQ indicates a significant premium that needs to be justified. Additionally, the thin delivery data with 0 observations raises concerns about the reliability of the lead time estimates, despite the stability noted.",5,5,1.0,HIGH,Focus on understanding the implications of thin delivery data and cost premiums.,
PLANT_B__MATERIAL_0222,MONITOR,MEDIUM,ok,MONITOR,MEDIUM,none,keep_baseline,Continue monitoring lead time and supplier reliability for material PLANT_B__MATERIAL_0222.,NO,YES,,"(r,Q)",NO,48,Unstable,0.44,0.1751,0.0,1.0,0.0,3.4505,Monitor the item closely for any changes in lead time or supplier performance.,"The lead time stability is marked as unstable, and the supplier reliability is at 0.44, indicating potential risks in service delivery. Given these factors, it is prudent to keep this item under observation rather than making immediate changes.",5,5,1.0,HIGH,Continued observation is essential due to the unstable lead time and low supplier reliability.,
PLANT_A__MATERIAL_0008,LLM_REVIEW,MEDIUM,ok,LLM_REVIEW,MEDIUM,none,request_planner_review,Review the thin delivery data and unstable lead time for material PLANT_A__MATERIAL_0008.,YES,NO,,"(r,Q)",NO,3,Unstable,0.21,0.0,0.0,0.0,0.0,3.0,Conduct a planner review to assess the risks associated with this material.,"The delivery observations are limited to 3, indicating thin delivery data which may not provide a reliable basis for optimization. Additionally, the lead time stability is marked as unstable, suggesting potential variability that could impact supply chain performance.",5,5,1.0,HIGH,Focus on addressing the thin delivery data and supplier reliability issues.,
PLANT_A__MATERIAL_0025,OPTIMIZE_NOW,HIGH,ok,OPTIMIZE_NOW,MEDIUM,none,optimize_policy,Evaluate cost tradeoff against supplier reliability for material PLANT_A__MATERIAL_0025.,YES,YES,,"(s,S)",NO,118,Unstable,0.45,0.0,0.0,0.0,257.9096,2.9484,Assess the impact of supplier reliability on the proposed optimization.,"The cost delta of 257.9096 compared to the universal reorder quantity indicates a significant premium that may not justify the service gain. Additionally, the supplier reliability of 0.45 suggests a high risk of stockouts, which could negate any potential benefits from optimization.",5,5,0.8,HIGH,Consider discussing with the supplier to improve reliability before proceeding.,
PLANT_A__MATERIAL_0159,OPTIMIZE_NOW,HIGH,ok,LLM_REVIEW,LOW,none,request_planner_review,Evaluate the impact of unstable lead times on the proposed optimization.,YES,YES,,negbin,YES,11,Unstable,0.2,0.0,0.0,0.0,658.2561,2.8683,Engage with the planner to assess the feasibility of the proposed changes.,"The hard escalation flag indicates significant operational constraints, particularly with a supplier reliability of only 0.2 and unstable lead times. The cost delta of 658.2561 compared to the universal request suggests that the proposed optimization may not yield the expected service gains.",5,5,0.6,MEDIUM,Further analysis is needed to understand the implications of the hard flags on operational execution.,
PLANT_A__MATERIAL_0107,OPTIMIZE_NOW,HIGH,ok,OPTIMIZE_NOW,MEDIUM,none,request_planner_review,Evaluate the impact of unstable lead times on the proposed optimization.,YES,YES,,"(s,S)",NO,246,Unstable,0.39,0.0,0.0,0.0,902.4717,2.8195,Engage the planner to assess the feasibility of the optimization given the current constraints.,"The current lead time stability is marked as unstable, which poses a risk to the implementation of the optimization despite the apparent service gain. Additionally, the cost delta of 902.4717 compared to the universal reorder quantity indicates a significant cost premium that needs to be justified.",5,5,0.8,HIGH,Consider the implications of the cost premium and supplier reliability on the overall strategy.,
PLANT_A__MATERIAL_0012,LEAVE_BASELINE,LOW,ok,LEAVE_BASELINE,LOW,none,keep_baseline,No immediate action required; continue routine monitoring.,NO,NO,,"(r,Q)",NO,61,Unstable,0.5,0.0,0.0,0.0,0.0,2.0,Continue routine monitoring of the item.,"The item is currently flagged to leave baseline due to low intervention priority. The lead time is unstable, and supplier reliability is at 0.5, indicating potential risks but not necessitating immediate action.",5,5,1.0,HIGH,No hard escalation flags present.,
PLANT_A__MATERIAL_0019,LEAVE_BASELINE,LOW,ok,LEAVE_BASELINE,LOW,none,keep_baseline,No immediate action required; continue routine monitoring.,NO,NO,,"(r,Q)",NO,118,Unstable,0.49,0.0,0.0,0.0,0.0,2.0,Continue routine monitoring of the item.,"The item is currently flagged to leave baseline due to low opportunity score (2.0) and unstable lead time. Supplier reliability is also low at 0.49, indicating potential risks in supply chain stability.",5,5,1.0,HIGH,No immediate flags or reasons for intervention were identified.,
PLANT_A__MATERIAL_0024,MONITOR,MEDIUM,ok,MONITOR,MEDIUM,none,keep_baseline,Continue monitoring lead time and supplier reliability for material MATERIAL_0024.,NO,YES,,"(r,Q)",NO,83,Unstable,0.41,0.0,0.0,0.0,0.0,2.0,Maintain observation of this item for any changes in lead time or supplier performance.,"The lead time stability is marked as unstable, and the supplier reliability is at a low level of 0.41. Given these factors, it is prudent to keep this item under observation to assess any further deterioration in service or lead time.",5,5,1.0,HIGH,"No hard escalation flags are present, but the situation requires vigilance.",
PLANT_A__MATERIAL_0041,LEAVE_BASELINE,LOW,ok,LEAVE_BASELINE,LOW,none,keep_baseline,No immediate action required; continue routine monitoring.,NO,NO,,"(r,Q)",NO,19,Unstable,0.42,0.0,0.0,0.0,0.0,2.0,Continue routine monitoring of the item.,"The item is currently flagged to leave baseline due to low opportunity score (2.0) and unstable lead time. Supplier reliability is also low at 0.42, indicating potential risks in supply chain stability.",5,5,1.0,HIGH,Monitor supplier performance closely due to low reliability.,
PLANT_A__MATERIAL_0056,LLM_REVIEW,MEDIUM,ok,LLM_REVIEW,MEDIUM,none,request_planner_review,Review the thin delivery data and unstable lead time for material PLANT_A__MATERIAL_0056.,YES,NO,,"(r,Q)",NO,5,Unstable,0.32,0.0,0.0,0.0,0.0,2.0,Conduct a planner review to assess the risks associated with thin delivery data and unstable lead times.,"The delivery observations are limited to 5, indicating thin delivery data which may not provide a reliable basis for optimization. Additionally, the lead time stability is marked as unstable, suggesting potential variability that could impact supply chain performance.",5,5,1.0,HIGH,Focus on understanding the implications of the current delivery data and supplier reliability.,
PLANT_A__MATERIAL_0061,LEAVE_BASELINE,LOW,ok,LEAVE_BASELINE,LOW,none,keep_baseline,No immediate action required; continue routine monitoring.,NO,YES,,"(r,Q)",NO,179,Unstable,0.55,0.0,0.0,0.0,0.0,2.0,Continue routine monitoring of the item.,"The item has been flagged to leave baseline due to low opportunity score (2.0) and unstable lead time. Supplier reliability is also low at 0.55, indicating potential risks in supply chain stability.",5,5,1.0,HIGH,No hard escalation flags present; maintain current strategy.,
PLANT_A__MATERIAL_0063,LEAVE_BASELINE,LOW,ok,LEAVE_BASELINE,LOW,none,keep_baseline,No action required at this time.,NO,NO,,"(r,Q)",NO,196,Unstable,0.56,0.0,0.0,0.0,0.0,2.0,Continue routine monitoring of this item.,"The item is currently flagged to leave baseline due to low opportunity score (2.0) and unstable lead time. The supplier reliability is also low at 0.56, indicating potential risks in supply chain stability.",5,5,1.0,HIGH,Monitor supplier performance closely due to reliability concerns.,
PLANT_A__MATERIAL_0065,LEAVE_BASELINE,LOW,ok,LEAVE_BASELINE,LOW,none,keep_baseline,No immediate action required; continue routine monitoring.,NO,NO,,"(r,Q)",NO,192,Unstable,0.56,0.0,0.0,0.0,0.0,2.0,Continue routine monitoring of the item.,"The item is currently flagged to leave baseline due to low opportunity score (2.0) and unstable lead time. Supplier reliability is also low at 0.56, indicating potential risks but not enough to warrant intervention at this time.",5,4,1.0,MEDIUM,Monitor for changes in lead time stability and supplier reliability.,
PLANT_A__MATERIAL_0073,LEAVE_BASELINE,LOW,ok,LEAVE_BASELINE,LOW,none,keep_baseline,No immediate action required; continue routine monitoring.,NO,NO,,"(r,Q)",NO,46,Unstable,0.45,0.0,0.0,0.0,0.0,2.0,Continue routine monitoring of the item.,"The item has been flagged to leave baseline due to low opportunity score (2.0) and unstable lead time. The supplier reliability is also low at 0.45, indicating potential risks in supply chain stability.",5,5,1.0,HIGH,Monitor supplier performance closely due to low reliability.,
PLANT_A__MATERIAL_0108,MONITOR,MEDIUM,ok,MONITOR,MEDIUM,none,keep_baseline,Continue monitoring lead time and supplier reliability for material PLANT_A__MATERIAL_0108.,NO,YES,,"(r,Q)",NO,246,Unstable,0.37,0.0,0.0,0.0,0.0,2.0,Monitor the item closely for any changes in lead time or supplier performance.,"The lead time stability is marked as unstable, and the supplier reliability is at a low value of 0.37. Given these factors, it is prudent to keep this item under observation to assess any further deterioration in service levels.",5,5,1.0,HIGH,"No hard escalation flags are present, but the situation requires vigilance.",
PLANT_A__MATERIAL_0122,LLM_REVIEW,MEDIUM,ok,LLM_REVIEW,MEDIUM,none,request_planner_review,Review thin delivery data and unstable lead time for material PLANT_A__MATERIAL_0122.,YES,NO,,"(r,Q)",NO,2,Unstable,0.9503,0.0,0.0,0.0,0.0,2.0,Conduct a detailed review of delivery data and lead time stability.,"The delivery observations are limited to 2, indicating thin delivery data which may not provide a reliable basis for optimization. Additionally, the lead time stability is marked as unstable, suggesting potential variability that could impact supply chain performance.",5,5,1.0,HIGH,Focus on understanding the implications of thin delivery data and unstable lead times.,
PLANT_A__MATERIAL_0152,MONITOR,MEDIUM,ok,MONITOR,MEDIUM,none,keep_baseline,Continue monitoring lead time and supplier reliability for material PLANT_A__MATERIAL_0152.,NO,YES,,"(r,Q)",NO,196,Unstable,0.36,0.0,0.0,0.0,0.0,2.0,Continue to monitor the item closely for any changes.,"The lead time stability is marked as unstable, and the supplier reliability is low at 0.36. Given these factors, it is prudent to keep this item under observation to assess any further deterioration in service levels.",5,5,1.0,HIGH,"No hard escalation flags are present, but the situation requires vigilance.",
PLANT_A__MATERIAL_0153,MONITOR,MEDIUM,ok,MONITOR,MEDIUM,none,keep_baseline,Log the current status of item PLANT_A__MATERIAL_0153 for future review.,NO,YES,,"(r,Q)",NO,228,Unstable,0.39,0.0,0.0,0.0,0.0,2.0,Continue to monitor the item closely for any changes.,"The lead time stability is marked as unstable, and the supplier reliability is low at 0.39, indicating potential risks in service delivery. Given these factors, it is prudent to continue monitoring this item rather than taking immediate action.",5,5,1.0,HIGH,Monitoring is essential due to the current instability in lead times and low supplier reliability.,
PLANT_A__MATERIAL_0165,LEAVE_BASELINE,LOW,ok,LEAVE_BASELINE,LOW,none,keep_baseline,No action required at this time.,NO,NO,,"(r,Q)",NO,165,Unstable,0.3,0.0,0.0,0.0,0.0,2.0,Continue routine monitoring of the item.,"The item has been flagged to leave baseline due to low opportunity score (2.0) and unstable lead time. The supplier reliability is also low at 0.3, indicating potential risks in supply chain stability.",5,5,1.0,HIGH,"No immediate action is necessary; however, keep an eye on supplier performance and lead time stability.",
PLANT_A__MATERIAL_0238,LEAVE_BASELINE,LOW,ok,LEAVE_BASELINE,LOW,none,keep_baseline,No immediate action required; continue routine monitoring.,NO,NO,,"(r,Q)",NO,163,Unstable,0.51,0.0,0.0,0.0,0.0,2.0,Continue routine monitoring of the item.,"The item is currently flagged to leave baseline due to low opportunity score (2.0) and unstable lead time. Supplier reliability is at 0.51, indicating potential risk but not enough to warrant intervention at this time.",5,5,1.0,HIGH,No hard escalation flags present; maintain current strategy.,
PLANT_A__MATERIAL_0239,LEAVE_BASELINE,LOW,ok,LEAVE_BASELINE,LOW,none,keep_baseline,Monitor the item for any changes in lead time stability and supplier reliability.,NO,NO,,"(r,Q)",NO,160,Unstable,0.54,0.0,0.0,0.0,0.0,2.0,Continue routine monitoring of the item.,"The item is currently flagged to leave baseline due to low intervention priority and no hard escalation flags. The lead time stability is unstable, and supplier reliability is at 0.54, indicating potential risks but not enough evidence for immediate action.",5,5,1.0,HIGH,"No immediate action required, but keep an eye on supplier performance and lead time changes.",
PLANT_B__MATERIAL_0102,LEAVE_BASELINE,LOW,ok,LEAVE_BASELINE,LOW,none,keep_baseline,No immediate action required; continue routine monitoring.,NO,YES,,"(r,Q)",NO,169,Unstable,0.29,0.0,0.0,0.0,0.0,2.0,Continue routine monitoring of the item.,"The item has an unstable lead time and a low supplier reliability score of 0.29, indicating potential risks in supply chain stability. However, there are no hard escalation flags or significant delivery observations that warrant intervention beyond routine monitoring.",5,5,1.0,HIGH,Monitor for any changes in lead time stability or supplier reliability.,
PLANT_A__MATERIAL_0045,OPTIMIZE_NOW,HIGH,ok,OPTIMIZE_NOW,MEDIUM,none,request_supplier_review,Evaluate supplier reliability and delivery data for material PLANT_A__MATERIAL_0045.,NO,YES,,negbin,NO,6,Moderate,0.39,0.0,0.0,0.0,2.3079,1.9995,Contact the supplier to discuss reliability issues.,"The current supplier reliability is at 0.39, indicating a significant risk in fulfilling demand. Additionally, the delivery observations are thin, which may lead to unstable lead times despite the apparent service gain.",5,5,0.8,HIGH,Consider the cost premium against universal RQ when discussing with the supplier.,
PLANT_A__MATERIAL_0051,OPTIMIZE_NOW,HIGH,ok,OPTIMIZE_NOW,MEDIUM,none,request_supplier_review,Evaluate supplier reliability and lead time stability for material PLANT_A__MATERIAL_0051.,NO,YES,,"(s,S)",NO,184,Unstable,0.52,0.0,0.0,0.0,299.7903,1.94,Contact the supplier to discuss reliability issues.,"The current supplier reliability is at 0.52, indicating a significant risk in fulfilling orders consistently. Additionally, the lead time is unstable, which could hinder the implementation of any optimization despite the apparent service gain.",5,5,1.0,HIGH,Focus on improving supplier reliability and stabilizing lead times.,
PLANT_A__MATERIAL_0064,OPTIMIZE_NOW,HIGH,ok,OPTIMIZE_NOW,MEDIUM,none,request_supplier_review,Evaluate supplier reliability and lead time stability for material PLANT_A__MATERIAL_0064.,NO,YES,,"(s,S)",NO,189,Unstable,0.51,0.0,0.0,0.0,535.5682,1.8929,Contact the supplier to discuss reliability issues.,"The current supplier reliability is at 0.51, indicating a significant risk in fulfilling orders consistently. Additionally, the lead time is unstable, which could hinder the implementation of the optimization despite the apparent service gain.",5,5,1.0,HIGH,Further investigation into the supplier's capacity and lead time stability is crucial.,
PLANT_A__MATERIAL_0062,OPTIMIZE_NOW,HIGH,ok,OPTIMIZE_NOW,MEDIUM,none,request_supplier_review,Evaluate supplier reliability and lead time stability for material PLANT_A__MATERIAL_0062.,NO,YES,,"(s,S)",NO,192,Unstable,0.5,0.0,0.0,0.0,792.6886,1.8415,Contact the supplier to discuss reliability issues.,"The current supplier reliability is at 0.5, indicating a significant risk in fulfilling orders consistently. Additionally, the lead time is unstable, which could hinder the implementation of the optimization despite the apparent service gain.",5,5,1.0,HIGH,Consider the cost premium versus universal RQ in future evaluations.,
PLANT_A__MATERIAL_0018,LEAVE_BASELINE,LOW,ok,LEAVE_BASELINE,LOW,none,keep_baseline,Monitor the item for any changes in lead time stability or supplier reliability.,NO,NO,,"(r,Q)",NO,109,Unstable,0.5,0.0,0.0,0.0,0.0,1.0,Continue routine monitoring of the item.,"The item is currently flagged to leave baseline due to low intervention priority and no hard escalation flags. The lead time stability is unstable, and supplier reliability is at 0.5, indicating potential risks but not enough evidence for immediate action.",5,5,1.0,HIGH,"No immediate action required, but keep an eye on lead time and supplier performance.",
PLANT_A__MATERIAL_0023,LEAVE_BASELINE,LOW,ok,LEAVE_BASELINE,LOW,none,keep_baseline,Monitor the item for any changes in lead time stability or supplier reliability.,NO,YES,,"(r,Q)",NO,137,Unstable,0.48,0.0,0.0,0.0,0.0,1.0,Continue routine monitoring of the item.,"The item is currently flagged to leave baseline due to low intervention priority. The supplier reliability is at 0.48, indicating significant risk, and the lead time is unstable, which could affect future performance. However, there is no evidence suggesting immediate intervention is necessary.",5,5,1.0,HIGH,Monitor for any changes in supplier reliability and lead time stability.,
PLANT_A__MATERIAL_0026,LEAVE_BASELINE,LOW,ok,LEAVE_BASELINE,LOW,none,keep_baseline,No immediate action required; continue routine monitoring.,NO,NO,,"(r,Q)",NO,190,Unstable,0.5,0.0,0.0,0.0,0.0,1.0,Continue routine monitoring of the item.,"The item is currently flagged to leave baseline due to low opportunity score (1.0) and unstable lead time. The supplier reliability is at 0.5, indicating potential issues, but no hard escalation flags are present, suggesting that routine monitoring is sufficient.",5,5,1.0,HIGH,Monitor for any changes in lead time stability or supplier reliability.,
PLANT_A__MATERIAL_0030,OPTIMIZE_NOW,HIGH,ok,OPTIMIZE_NOW,MEDIUM,none,request_supplier_review,Evaluate supplier reliability and lead time stability for material PLANT_A__MATERIAL_0030.,NO,YES,,negbin,NO,41,Moderate,0.46,0.0,0.0,0.0,-4375.4725,1.0,Contact the supplier to discuss reliability issues.,"The current supplier reliability is at 0.46, which is below the acceptable threshold for implementation. Additionally, the lead time stability is moderate, indicating potential variability that could impact service delivery despite the apparent service gain.",5,5,1.0,HIGH,Further investigation into the supplier's capacity and lead time variability is necessary.,
PLANT_A__MATERIAL_0046,OPTIMIZE_NOW,HIGH,ok,OPTIMIZE_NOW,MEDIUM,none,optimize_policy,Evaluate the impact of supplier reliability on the optimization strategy.,YES,YES,,"(s,S)",NO,22,Moderate,0.41,0.0,0.0,0.0,-2.4037,1.0,Assess supplier reliability and lead time stability before proceeding.,"The current supplier reliability is at 0.41, indicating a significant risk in fulfilling orders consistently. Despite the service gain, the moderate lead time stability and the lack of stockout days reduction suggest that operational constraints may hinder implementation.",5,5,1.0,HIGH,Consider discussing with the supplier to improve reliability.,
PLANT_A__MATERIAL_0052,LEAVE_BASELINE,LOW,ok,LEAVE_BASELINE,LOW,none,keep_baseline,No action required at this time.,NO,NO,,"(r,Q)",NO,68,Unstable,0.49,0.0,0.0,0.0,0.0,1.0,Continue routine monitoring of the item.,"The item has been flagged to leave baseline due to low opportunity score and unstable lead time. The supplier reliability is at 0.49, indicating a significant risk in supply chain stability, which does not warrant immediate intervention.",5,5,1.0,HIGH,Monitoring should focus on lead time stability and supplier performance.,
PLANT_A__MATERIAL_0066,LEAVE_BASELINE,LOW,ok,LEAVE_BASELINE,LOW,none,keep_baseline,No action required; continue routine monitoring.,NO,NO,,"(r,Q)",NO,70,Unstable,0.45,0.0,0.0,0.0,0.0,1.0,Continue routine monitoring of the item.,"The item is flagged to leave baseline due to low opportunity score (1.0) and unstable lead time. The supplier reliability is also low at 0.45, indicating potential risks in supply chain stability.",5,5,1.0,HIGH,"No immediate action is necessary; however, keep an eye on supplier performance.",
PLANT_A__MATERIAL_0071,LEAVE_BASELINE,LOW,ok,LEAVE_BASELINE,LOW,none,keep_baseline,No action required at this time.,NO,NO,,"(r,Q)",NO,139,Unstable,0.6,0.0,0.0,0.0,0.0,1.0,Continue routine monitoring of the item.,"The item is currently flagged to leave baseline due to low intervention priority. The lead time stability is unstable, and supplier reliability is at 0.6, indicating potential risks but not necessitating immediate action. The opportunity score is low at 1.0, suggesting minimal benefit from intervention.",5,5,1.0,HIGH,No immediate action is required; maintain current monitoring practices.,
PLANT_A__MATERIAL_0075,MONITOR,MEDIUM,ok,MONITOR,MEDIUM,none,keep_baseline,continue monitoring lead time and supplier reliability for material PLANT_A__MATERIAL_0075,NO,YES,,"(r,Q)",NO,15,Unstable,0.21,0.0,0.0,0.0,0.0,1.0,Continue to monitor the item closely for any changes in lead time or supplier performance.,"The lead time stability is currently unstable, and the supplier reliability is low at 0.21, indicating potential risks in service delivery. Given these factors, it is prudent to keep this item under observation rather than making immediate changes.",5,5,1.0,HIGH,Monitoring is essential due to the current instability in lead times and low supplier reliability.,
PLANT_A__MATERIAL_0081,LLM_REVIEW,MEDIUM,ok,LLM_REVIEW,MEDIUM,none,request_planner_review,Review counterfactuals related to thin delivery data and supplier reliability.,YES,YES,,"(r,Q)",NO,0,Stable,0.62,-4.9844,0.0,-5.0,0.0,1.0,Initiate a planner review to assess the impact of thin delivery data.,"The delivery observations are recorded as 0, indicating insufficient data to make a confident optimization decision. Additionally, the supplier reliability is at 0.62, which is below the acceptable threshold, suggesting potential risks in supply chain stability.",5,5,1.0,HIGH,Further investigation into supplier reliability and delivery data is essential before proceeding.,
PLANT_A__MATERIAL_0091,LEAVE_BASELINE,LOW,ok,LEAVE_BASELINE,LOW,none,keep_baseline,No immediate action required; continue routine monitoring.,NO,NO,,"(r,Q)",NO,73,Moderate,0.58,0.0,0.0,0.0,0.0,1.0,Continue routine monitoring of the item.,"The item has a moderate lead time stability and a supplier reliability of 0.58, indicating potential risk but not enough to warrant intervention. The opportunity score is low at 1.0, suggesting minimal benefit from changes.",5,5,1.0,HIGH,"No hard escalation flags present, indicating no urgent issues.",
PLANT_A__MATERIAL_0092,LEAVE_BASELINE,LOW,ok,LEAVE_BASELINE,LOW,none,keep_baseline,No immediate action required; continue routine monitoring.,NO,NO,,"(r,Q)",NO,78,Moderate,0.59,0.0,0.0,0.0,0.0,1.0,Continue routine monitoring of the item.,"The item has a moderate lead time stability and a supplier reliability of 0.59, indicating potential risk but not enough to warrant intervention. The opportunity score is low at 1.0, suggesting no significant benefits from changes.",5,5,1.0,HIGH,No flags or hard reasons indicate a need for immediate action.,
PLANT_A__MATERIAL_0097,LEAVE_BASELINE,LOW,ok,LEAVE_BASELINE,LOW,none,keep_baseline,No immediate action required; continue routine monitoring.,NO,NO,,"(r,Q)",NO,157,Unstable,0.56,0.0,0.0,0.0,0.0,1.0,Continue routine monitoring of the item.,"The item has an unstable lead time and a supplier reliability of 0.56, indicating potential risks. However, there are no hard escalation flags or significant delivery observations that warrant intervention beyond routine monitoring.",5,5,1.0,HIGH,Monitor for any changes in lead time stability or supplier reliability.,
PLANT_A__MATERIAL_0145,LEAVE_BASELINE,LOW,ok,LEAVE_BASELINE,LOW,none,keep_baseline,Monitor the item for any changes in lead time stability or supplier reliability.,NO,NO,,"(r,Q)",NO,155,Moderate,0.24,0.0,0.0,0.0,0.0,1.0,Continue routine monitoring of the item.,The item is currently flagged to leave baseline due to a moderate lead time stability and a low supplier reliability score of 0.24. There are no hard escalation flags or significant delivery observations indicating immediate intervention is necessary.,5,5,1.0,HIGH,Monitor for any changes in supplier reliability and lead time stability.,
PLANT_A__MATERIAL_0146,LEAVE_BASELINE,LOW,ok,LEAVE_BASELINE,LOW,none,keep_baseline,No action required; continue routine monitoring.,NO,NO,,"(r,Q)",NO,189,Moderate,0.29,0.0,0.0,0.0,0.0,1.0,Continue routine monitoring of the item.,"The item has a moderate lead time stability and a low supplier reliability score of 0.29, indicating potential risks. However, there are no hard escalation flags or significant delivery observations that warrant immediate intervention.",5,5,1.0,HIGH,No immediate action is needed; maintain current monitoring practices.,
PLANT_A__MATERIAL_0147,LEAVE_BASELINE,LOW,ok,LEAVE_BASELINE,LOW,none,keep_baseline,No immediate action required; continue routine monitoring.,NO,NO,,"(r,Q)",NO,187,Moderate,0.31,0.0,0.0,0.0,0.0,1.0,Continue routine monitoring of the item.,"The item is currently flagged to leave baseline due to a low opportunity score of 1.0 and moderate lead time stability. Additionally, the supplier reliability is low at 0.31, indicating potential risks but not necessitating immediate intervention.",5,5,1.0,HIGH,"No hard escalation flags present, indicating no urgent issues.",
PLANT_A__MATERIAL_0148,LEAVE_BASELINE,LOW,ok,LEAVE_BASELINE,MEDIUM,none,keep_baseline,monitor_material_performance,NO,NO,,"(r,Q)",NO,143,Moderate,0.22,0.0,0.0,0.0,0.0,1.0,Continue routine monitoring of the material's performance.,The item is currently flagged to leave baseline due to a moderate lead time stability and low supplier reliability of 0.22. There are no significant delivery observations or cost deltas that warrant immediate intervention.,5,5,1.0,HIGH,"No immediate action required, but keep an eye on supplier performance.",
PLANT_A__MATERIAL_0149,LEAVE_BASELINE,LOW,ok,LEAVE_BASELINE,MEDIUM,none,keep_baseline,No immediate action required; continue routine monitoring.,NO,NO,,"(r,Q)",NO,156,Moderate,0.22,0.0,0.0,0.0,0.0,1.0,Continue routine monitoring of the item.,"The item has a moderate lead time stability and a low supplier reliability score of 0.22, indicating potential risks. However, there are no hard escalation flags or significant delivery observations that warrant intervention at this time.",5,5,1.0,HIGH,No immediate concerns; maintain current monitoring practices.,
PLANT_A__MATERIAL_0155,MONITOR,MEDIUM,ok,MONITOR,MEDIUM,none,keep_baseline,continue monitoring lead time and supplier reliability for material PLANT_A__MATERIAL_0155,NO,NO,,"(r,Q)",NO,141,Moderate,0.58,0.0,0.0,0.0,0.0,1.0,Continue to monitor the item closely for any changes in lead time or supplier performance.,"The lead time stability is rated as moderate, indicating potential fluctuations that warrant ongoing observation. Additionally, the supplier reliability is at 0.58, which is below the acceptable threshold, suggesting a risk of service deterioration.",5,5,1.0,HIGH,Ongoing observation is crucial due to the current supplier reliability and lead time stability.,
PLANT_A__MATERIAL_0156,MONITOR,MEDIUM,ok,MONITOR,MEDIUM,none,keep_baseline,continue monitoring lead time and supplier reliability for material PLANT_A__MATERIAL_0156,NO,NO,,"(r,Q)",NO,127,Moderate,0.57,0.0,0.0,0.0,0.0,1.0,Continue to monitor the item for any changes in lead time or supplier performance.,"The lead time stability is rated as 'Moderate' and the supplier reliability is at 0.57, indicating potential risks in service delivery. Given these factors, it is prudent to keep this item under observation rather than escalating or optimizing at this time.",5,5,1.0,HIGH,"No immediate action required, but keep an eye on supplier performance.",
PLANT_A__MATERIAL_0157,LEAVE_BASELINE,LOW,ok,LEAVE_BASELINE,MEDIUM,none,keep_baseline,No action required as the item is stable.,NO,NO,,"(r,Q)",NO,143,Moderate,0.58,0.0,0.0,0.0,0.0,1.0,Continue routine monitoring of the item.,"The item has a moderate lead time stability and a supplier reliability of 0.58, indicating no immediate need for intervention. The opportunity score is low at 1.0, suggesting that routine monitoring is sufficient.",5,5,1.0,HIGH,No flags or reasons indicate a need for intervention.,
PLANT_A__MATERIAL_0158,LEAVE_BASELINE,LOW,ok,LEAVE_BASELINE,HIGH,none,keep_baseline,No immediate action required; continue routine monitoring.,NO,NO,,"(r,Q)",NO,161,Moderate,0.62,0.0,0.0,0.0,0.0,1.0,Continue routine monitoring of the item.,"The item is currently flagged to leave baseline due to a low opportunity score of 1.0 and moderate lead time stability. The supplier reliability is at 0.62, indicating potential risk but not enough to warrant intervention at this time.",5,5,1.0,HIGH,"No hard escalation flags present, indicating no immediate concerns.",
PLANT_A__MATERIAL_0166,LEAVE_BASELINE,LOW,ok,LEAVE_BASELINE,HIGH,none,keep_baseline,No action required as the item is stable.,NO,NO,,"(r,Q)",NO,186,Moderate,0.63,0.0,0.0,0.0,0.0,1.0,Continue routine monitoring of the item.,"The item has a moderate lead time stability and a supplier reliability of 0.63, indicating no immediate need for intervention. The opportunity score is low at 1.0, suggesting that routine monitoring is sufficient.",5,5,1.0,HIGH,No hard escalation flags present.,
PLANT_A__MATERIAL_0197,LLM_REVIEW,MEDIUM,ok,LLM_REVIEW,MEDIUM,none,request_planner_review,Review counterfactuals related to thin delivery data and supplier reliability.,YES,YES,,"(r,Q)",NO,0,Stable,0.62,-6.6703,0.0,-5.0,0.0,1.0,Engage the planner to review the counterfactuals and hidden constraints.,"The delivery observations are recorded as 0, indicating insufficient data to make a confident optimization decision. Additionally, the supplier reliability is at 0.62, which is below the acceptable threshold, suggesting potential risks in supply chain stability.",5,5,1.0,HIGH,Focus on addressing the thin delivery data and supplier reliability issues.,
PLANT_A__MATERIAL_0203,LLM_REVIEW,MEDIUM,ok,LLM_REVIEW,MEDIUM,none,request_planner_review,Review counterfactuals related to thin delivery data for material PLANT_A__MATERIAL_0203.,YES,NO,,"(r,Q)",NO,0,Stable,0.66,-19.8291,0.0,-16.0,0.0,1.0,Contact the planner to discuss the implications of thin delivery data.,"The delivery observations for material PLANT_A__MATERIAL_0203 are zero, indicating thin delivery data, which raises concerns about the reliability of any optimization. The supplier reliability is at 0.66, suggesting potential issues that need to be addressed before proceeding.",5,5,1.0,HIGH,Further investigation into the supplier's reliability and delivery data is essential.,
PLANT_A__MATERIAL_0221,LEAVE_BASELINE,LOW,ok,LEAVE_BASELINE,HIGH,none,keep_baseline,No action required; continue routine monitoring.,NO,NO,,"(r,Q)",NO,118,Moderate,0.63,0.0,0.0,0.0,0.0,1.0,Continue routine monitoring of the item.,"The item has a moderate lead time stability and a supplier reliability of 0.63, indicating that while there are some concerns, they do not warrant immediate intervention. The opportunity score of 1.0 suggests that the item is performing adequately within its current parameters.",5,5,1.0,HIGH,No immediate flags or concerns warranting escalation.,
PLANT_A__MATERIAL_0236,LEAVE_BASELINE,LOW,ok,LEAVE_BASELINE,LOW,none,keep_baseline,No action required as the item is stable.,NO,NO,,"(r,Q)",NO,169,Moderate,0.56,0.0,0.0,0.0,0.0,1.0,Continue routine monitoring of the item.,"The item has a moderate lead time stability and a supplier reliability of 0.56, indicating no immediate need for intervention. Additionally, the opportunity score is low at 1.0, suggesting that routine monitoring is sufficient.",5,5,1.0,HIGH,No flags or reasons indicate a need for intervention.,
PLANT_B__MATERIAL_0103,MONITOR,MEDIUM,ok,MONITOR,MEDIUM,none,keep_baseline,Continue monitoring lead time and supplier reliability for material PLANT_B__MATERIAL_0103.,NO,YES,,"(r,Q)",NO,39,Unstable,0.23,0.0,0.0,0.0,0.0,1.0,Monitor the item closely for any changes in lead time or supplier performance.,"The lead time stability is marked as unstable, and the supplier reliability is low at 0.23. Given these factors, it is prudent to keep this item under observation to assess any further deterioration in service levels.",5,5,1.0,HIGH,Continued supplier engagement is essential due to low reliability.,
PLANT_B__MATERIAL_0131,MONITOR,MEDIUM,ok,MONITOR,MEDIUM,none,keep_baseline,Continue monitoring lead time and supplier reliability for material PLANT_B__MATERIAL_0131.,NO,YES,,"(r,Q)",NO,10,Unstable,0.31,-0.2372,0.0,-1.0,0.0,1.0,Monitor the item closely for any changes in lead time or supplier performance.,"The lead time stability is currently unstable, and the supplier reliability is low at 0.31, indicating potential risks in service delivery. Given these factors, it is prudent to keep this item under observation rather than making immediate changes.",5,5,1.0,HIGH,"No hard escalation flags are present, but the situation requires vigilance.",
PLANT_B__MATERIAL_0151,LEAVE_BASELINE,LOW,ok,LEAVE_BASELINE,LOW,none,keep_baseline,No immediate action required; continue routine monitoring.,NO,NO,,"(r,Q)",NO,37,Unstable,0.42,0.0,0.0,0.0,0.0,1.0,Continue routine monitoring of the item.,"The item is flagged to leave baseline due to low intervention priority and no hard escalation flags. The supplier reliability is low at 0.42, and lead time stability is unstable, indicating potential risks but not necessitating immediate action.",5,5,1.0,HIGH,Monitor for any changes in supplier reliability and lead time stability.,
PLANT_B__MATERIAL_0201,LLM_REVIEW,MEDIUM,ok,LLM_REVIEW,MEDIUM,none,request_planner_review,Review the thin delivery data for material PLANT_B__MATERIAL_0201.,YES,NO,,"(r,Q)",NO,1,Stable,0.14,-0.6731,0.0,-2.0,0.0,1.0,Conduct a planner review to assess the thin delivery data.,"The delivery observations are limited to just 1, indicating thin delivery data which may not provide a reliable basis for optimization. Additionally, the supplier reliability is low at 0.14, which raises concerns about the supplier's ability to meet demand consistently.",5,5,1.0,HIGH,Focus on the implications of thin delivery data and supplier reliability.,
PLANT_B__MATERIAL_0202,LEAVE_BASELINE,LOW,ok,LEAVE_BASELINE,LOW,none,keep_baseline,No action required at this time.,NO,NO,,"(r,Q)",NO,14,Unstable,0.34,0.0,0.0,0.0,0.0,1.0,Continue routine monitoring of the item.,"The item has been flagged to leave baseline due to low opportunity score and no significant evidence of need for intervention. The lead time stability is unstable, and supplier reliability is low at 0.34, indicating potential risks but not enough to warrant immediate action.",5,5,1.0,HIGH,Monitoring should focus on changes in lead time stability and supplier performance.,
PLANT_B__MATERIAL_0203,LLM_REVIEW,MEDIUM,ok,LLM_REVIEW,MEDIUM,none,request_planner_review,Review counterfactuals related to thin delivery data for material PLANT_B__MATERIAL_0203.,YES,NO,,"(r,Q)",NO,0,Stable,0.8,-34.6687,0.0,-40.0,0.0,1.0,Initiate a planner review to assess the implications of thin delivery data.,"The delivery observations for material PLANT_B__MATERIAL_0203 are zero, indicating thin delivery data which may affect the reliability of any optimization. The supplier reliability is at 0.8, suggesting moderate confidence in supplier performance, but the lack of delivery data necessitates further review before proceeding.",5,5,1.0,HIGH,Consider the stability of lead times in the context of the thin delivery data.,
PLANT_B__MATERIAL_0211,LEAVE_BASELINE,LOW,ok,LEAVE_BASELINE,LOW,none,keep_baseline,No action required; continue routine monitoring.,NO,NO,,"(r,Q)",NO,93,Unstable,0.53,-0.4437,0.0,0.0,0.0,1.0,Continue routine monitoring of the item.,"The item is flagged to leave baseline due to low intervention priority and no hard escalation flags. The supplier reliability is at 0.53, indicating potential issues, but the opportunity score is low at 1.0, suggesting minimal impact on operations.",5,5,1.0,HIGH,Monitor for changes in lead time stability and supplier reliability.,
PLANT_B__MATERIAL_0221,MONITOR,MEDIUM,ok,MONITOR,MEDIUM,none,keep_baseline,continue monitoring lead time and supplier reliability for material PLANT_B__MATERIAL_0221,NO,NO,,"(r,Q)",NO,87,Moderate,0.57,0.0,0.0,0.0,0.0,1.0,Continue to monitor the item for any changes in lead time or supplier performance.,"The lead time stability is rated as moderate, and the supplier reliability is at 0.57, indicating potential risks in service delivery. Given the current observations and lack of hard escalation flags, it is prudent to keep this item under observation.",5,5,1.0,HIGH,"No immediate action required, but keep an eye on supplier performance.",
PLANT_A__MATERIAL_0200,OPTIMIZE_NOW,HIGH,ok,OPTIMIZE_NOW,MEDIUM,none,optimize_policy,Evaluate cost tradeoff against supplier reliability for material PLANT_A__MATERIAL_0200.,YES,YES,,negbin,NO,20,Moderate,0.55,0.0,0.0,0.0,164.099,0.9672,Proceed with a detailed cost-benefit analysis.,"The current cost delta of 164.099 compared to the universal RQ indicates a significant premium that may not justify the service gain. Additionally, the supplier reliability at 0.55 suggests potential risks in fulfilling demand, which could hinder implementation despite the apparent benefits.",5,5,1.0,HIGH,Consider the implications of the distributional branch case in the analysis.,
PLANT_A__MATERIAL_0206,OPTIMIZE_NOW,HIGH,ok,OPTIMIZE_NOW,MEDIUM,none,optimize_policy,Evaluate cost implications of the cost premium against universal RQ.,YES,YES,,negbin,NO,32,Moderate,0.57,0.0,0.0,0.0,164.7572,0.967,Assess the cost implications and supplier reliability before proceeding.,"The current cost delta of 164.7572 compared to universal RQ indicates a significant premium that could hinder implementation. Additionally, the supplier reliability at 0.57 suggests potential risks in fulfilling the optimized policy effectively.",5,5,1.0,HIGH,Consider discussing with the planner and supplier to address reliability issues.,
PLANT_A__MATERIAL_0205,OPTIMIZE_NOW,HIGH,ok,OPTIMIZE_NOW,MEDIUM,none,optimize_policy,Evaluate cost implications of the cost delta against service gains.,YES,YES,,negbin,NO,28,Moderate,0.62,0.0,0.0,0.0,169.4705,0.9661,Proceed with a detailed cost-benefit analysis.,"The cost delta of 169.4705 compared to universal RQ indicates a significant premium that may not justify the service gain, which is currently at 0.0 percentage points. Additionally, the moderate lead time stability and supplier reliability of 0.62 suggest potential risks in implementation despite the optimization flag.",5,5,1.0,HIGH,Consider the implications of the distributional branch case in the analysis.,
PLANT_A__MATERIAL_0029,OPTIMIZE_NOW,HIGH,ok,OPTIMIZE_NOW,MEDIUM,none,optimize_policy,Evaluate cost tradeoffs against supplier reliability for material PLANT_A__MATERIAL_0029.,YES,YES,,negbin,NO,77,Moderate,0.54,0.0,0.0,0.0,364.6227,0.9271,Proceed with a detailed cost-benefit analysis.,"The cost delta of 364.6227 compared to the universal RQ indicates a significant premium that may hinder implementation. Additionally, the supplier reliability of 0.54 suggests potential risks in fulfilling the optimized policy, despite the observed service gain.",5,5,1.0,HIGH,Consider the implications of lead time stability being moderate.,
PLANT_A__MATERIAL_0022,OPTIMIZE_NOW,HIGH,ok,OPTIMIZE_NOW,LOW,none,request_supplier_review,Evaluate supplier reliability and lead time stability for material PLANT_A__MATERIAL_0022.,YES,YES,,negbin,YES,8,Unstable,0.2,0.0,0.0,0.0,18127.0786,0.3746,Contact the supplier to discuss reliability issues.,"The hard escalation flag indicates significant concerns with lead time stability, which is currently unstable. Additionally, the supplier reliability is very low at 0.2, suggesting that implementation may face operational constraints despite the apparent service gain.",5,5,1.0,HIGH,"The cost premium versus universal RQ is significant, which further complicates the decision.",
PLANT_B__MATERIAL_0115,LEAVE_BASELINE,LOW,ok,LEAVE_BASELINE,LOW,none,keep_baseline,Monitor the item for any changes in lead time stability or supplier reliability.,NO,NO,,"(r,Q)",NO,90,Moderate,0.66,0.0,0.0,0.0,0.0,0.0,Continue routine monitoring of the item.,"The item is currently flagged to leave baseline due to a moderate lead time stability and a supplier reliability of 0.66, which indicates some risk but not enough to warrant immediate intervention. The opportunity score and fill gain percentages are both at 0.0, suggesting no current need for optimization.",5,5,1.0,HIGH,No immediate action required; maintain current monitoring practices.,
PLANT_B__MATERIAL_0116,LEAVE_BASELINE,LOW,ok,LEAVE_BASELINE,LOW,none,keep_baseline,No immediate action required; continue routine monitoring.,NO,NO,,"(r,Q)",NO,141,Moderate,0.67,0.0,0.0,0.0,0.0,0.0,Continue routine monitoring of the item.,"The item has a moderate lead time stability and a supplier reliability of 0.67, indicating some risk but not enough to warrant intervention. Additionally, there are no significant flags or reasons for escalation.",5,5,1.0,HIGH,No hard flags or urgent issues identified.,
