item_key,plant_code,material_id,regime,distribution_type,mean_daily_demand,cv_wd,mean_lead_time,cv_lead_time,delivery_observations,lead_time_stability,supplier_reliability,current_safety_stock_units,current_sap_slt_days,recommended_slt_days,slt_comparison_action,hard_escalation_flag,hard_reason_codes,selected_model,model_confidence,boundary_risk,escalation_flag,solver_used,policy_note,recommended_safety_stock,recommended_reorder_point,recommended_order_quantity,inventor_fill_rate_pct,sap_fill_rate_pct,universal_rq_fill_rate_pct,fill_gain_vs_sap_pct_pts,fill_gain_vs_universal_rq_pct_pts,inventor_total_cost,sap_total_cost,universal_rq_total_cost,cost_delta_vs_universal_rq,stockout_days_reduction_vs_sap,shortage_reduction_vs_sap,route_used,isolate_for_optimization,opportunity_score,optimization_reasons
PLANT_B__MATERIAL_0135,PLANT_B,MATERIAL_0135,Lumpy,Negative Binomial,25699.0418,0.957,0.4546,1.2156,139,Unstable,0.16,0.0,6.0,2.5,DECREASE,YES,UNSTABLE_LT_SEVERE_VARIANCE,NB branch,HIGH,HIGH,YES,negbin,"collapsed_from_negbin->(r,Q) [nb_branch_ablation]: ",206446,374084,16091,82.103,71.1208,82.103,10.9822,0.0,76129.4436,53425.7808,76129.4436,0.0,7.0,206446.0,"(r,Q)",YES,76.8754,service_gain_vs_sap|stockout_reduction_vs_sap|hard_flag
PLANT_B__MATERIAL_0217,PLANT_B,MATERIAL_0217,Lumpy,Negative Binomial,7.1901,2.9465,2.6107,0.4145,15,Moderate,0.56,0.0,4.0,4.0,MAINTAIN,YES,MILP_T3,NB branch,HIGH,HIGH,YES,negbin,"collapsed_from_negbin->(r,Q) [nb_branch_ablation]: ",527,603,347,100.0,57.7432,100.0,42.2568,0.0,2195.0027,1125.1434,2195.0027,0.0,34.0,3610.0,"(r,Q)",YES,1436.7312,service_gain_vs_sap|stockout_reduction_vs_sap|hard_flag
PLANT_A__MATERIAL_0222,PLANT_A,MATERIAL_0222,Lumpy,Negative Binomial,84.1273,1.1475,1.3411,0.6434,36,Unstable,0.47,0.0,2.0,3.0,INCREASE,YES,UNSTABLE_LT_SLT_INCREASE,NB branch,HIGH,HIGH,YES,negbin,"collapsed_from_negbin->(r,Q) [nb_branch_ablation]: ",561,844,244,100.0,98.8517,100.0,1.1483,0.0,14059.2468,6305.7275,14059.2468,0.0,1.0,91.0,"(r,Q)",YES,1.1483,service_gain_vs_sap|hard_flag
PLANT_B__MATERIAL_0210,PLANT_B,MATERIAL_0210,Smooth,Normal,63653.9017,0.4428,1.6009,0.8911,105,Unstable,0.52,0.0,5.0,4.0,DECREASE,NO,,"(r,Q)",HIGH,HIGH,YES,"(r,Q)","(r,Q) v3 [Smooth]: σ_LTD_rob=81162.4, SS_normal=133500 SS_spike=0 → SS=56360(capped), ROP=285571, OQ=28180",279286,700582,29234,100.0,89.2926,100.0,10.7074,0.0,235216.1824,97355.1596,235216.1824,0.0,13.0,264359.0,"(r,Q)",YES,139.1962,service_gain_vs_sap|stockout_reduction_vs_sap
PLANT_A__MATERIAL_0216,PLANT_A,MATERIAL_0216,Lumpy,Negative Binomial,13.2622,1.7378,2.6217,0.4041,24,Moderate,0.48,0.0,3.5,4.5,INCREASE,YES,MILP_T3,NB branch,HIGH,HIGH,YES,negbin,"collapsed_from_negbin->(r,Q) [nb_branch_ablation]: ",217,308,200,100.0,87.6134,100.0,12.3866,0.0,1306.6616,771.9982,1306.6616,0.0,6.0,314.0,"(r,Q)",YES,74.3196,service_gain_vs_sap|stockout_reduction_vs_sap|hard_flag
PLANT_A__MATERIAL_0154,PLANT_A,MATERIAL_0154,Lumpy,Negative Binomial,293.3925,1.0206,0.0,0.0,0,Stable,0.12,0.0,3.0,0.0,DECREASE,NO,,NB branch,HIGH,MEDIUM,NO,negbin,"collapsed_from_negbin->(r,Q) [nb_branch_ablation]: ",2625,3839,7151,100.0,100.0,100.0,0.0,0.0,463.4765,318.6067,463.4765,0.0,0.0,0.0,"(r,Q)",YES,0.0,thin_delivery_data
PLANT_B__MATERIAL_0230,PLANT_B,MATERIAL_0230,Smooth,Normal,310.8293,0.4352,0.9463,0.8452,213,Unstable,0.32,0.0,2.0,3.0,INCREASE,NO,,"(r,Q)",HIGH,MEDIUM,NO,"(r,Q)","(r,Q) v3 [Smooth]: σ_LTD_rob=262.8, SS_normal=432 SS_spike=0 → SS=432, ROP=1037, OQ=528",826,1749,551,100.0,100.0,100.0,0.0,0.0,13445.4803,7736.69,13445.4803,0.0,0.0,0.0,"(r,Q)",NO,0.0,
PLANT_A__MATERIAL_0083,PLANT_A,MATERIAL_0083,Lumpy,Negative Binomial,102.8514,1.5122,0.0,0.0,0,Stable,0.29,0.0,2.0,0.0,DECREASE,YES,MILP_T3,NB branch,HIGH,HIGH,YES,negbin,"collapsed_from_negbin->(r,Q) [nb_branch_ablation]: ",1276,1618,4378,100.0,100.0,100.0,0.0,0.0,302.3644,231.917,302.3644,0.0,0.0,0.0,"(r,Q)",YES,0.0,hard_flag|thin_delivery_data
PLANT_A__MATERIAL_0082,PLANT_A,MATERIAL_0082,Lumpy,Negative Binomial,292.8794,1.006,0.0,0.0,0,Stable,0.49,0.0,5.0,0.0,DECREASE,NO,,NB branch,HIGH,HIGH,YES,negbin,"collapsed_from_negbin->(r,Q) [nb_branch_ablation]: ",3092,4916,5901,100.0,100.0,100.0,0.0,0.0,766.6783,515.6374,766.6783,0.0,0.0,0.0,"(r,Q)",YES,0.0,thin_delivery_data
PLANT_A__MATERIAL_0040,PLANT_A,MATERIAL_0040,Dead stock,Normal,0.0,0.0,0.0,0.0,0,Stable,0.04,0.0,2.5,0.0,DECREASE,NO,,"(r,Q)",UNCERTAIN,HIGH,YES,,,18,19,12,100.0,68.5185,100.0,31.4815,0.0,1496.5968,645.5384,1496.5968,0.0,2.0,17.0,"(r,Q)",YES,62.963,service_gain_vs_sap|stockout_reduction_vs_sap|thin_delivery_data
PLANT_A__MATERIAL_0087,PLANT_A,MATERIAL_0087,Lumpy,Negative Binomial,31.3226,1.174,0.0,0.0,0,Stable,0.58,80.0,4.0,0.0,DECREASE,NO,,NB branch,HIGH,MEDIUM,NO,negbin,"collapsed_from_negbin->(r,Q) [nb_branch_ablation]: ",254,416,496,100.0,100.0,100.0,0.0,0.0,709.7993,567.5518,709.7993,0.0,0.0,0.0,"(r,Q)",YES,0.0,thin_delivery_data
PLANT_A__MATERIAL_0088,PLANT_A,MATERIAL_0088,Smooth,Normal,280.8868,0.4038,0.0,0.0,0,Stable,0.8,0.0,4.0,0.0,DECREASE,NO,,EOQ,HIGH,LOW,NO,eoq,"EOQ v1: Q=1605 (raw=1604.1), ROP=0, SS=0",0,285,1341,97.5299,100.0,100.0,-2.4701,-2.4701,1319.4185,2509.7652,3168.5387,-1849.1202,-6.0,-497.0,eoq,YES,12.3505,thin_delivery_data
PLANT_A__MATERIAL_0036,PLANT_A,MATERIAL_0036,Lumpy,Negative Binomial,193.4457,1.3723,2.1757,0.5956,21,Unstable,0.49,0.0,4.0,4.5,INCREASE,YES,UNSTABLE_LT_SLT_INCREASE,NB branch,HIGH,HIGH,YES,negbin,"collapsed_from_negbin->(r,Q) [nb_branch_ablation]: ",2055,3208,318,47.6036,43.2762,47.6036,4.3274,0.0,7830.0628,5101.5421,7830.0628,0.0,5.0,2055.0,"(r,Q)",YES,21.637,service_gain_vs_sap|stockout_reduction_vs_sap|hard_flag
PLANT_A__MATERIAL_0096,PLANT_A,MATERIAL_0096,Lumpy,Negative Binomial,79.9349,1.16,0.7164,1.2377,59,Unstable,0.43,100.0,2.5,3.0,INCREASE,YES,UNSTABLE_LT_SEVERE_VARIANCE|UNSTABLE_LT_SLT_INCREASE,NB branch,HIGH,HIGH,YES,negbin,"collapsed_from_negbin->(r,Q) [nb_branch_ablation]: ",846,1121,545,100.0,100.0,100.0,0.0,0.0,3100.8537,1724.9079,3100.8537,0.0,0.0,0.0,"(r,Q)",YES,0.0,hard_flag
PLANT_B__MATERIAL_0197,PLANT_B,MATERIAL_0197,Smooth,Normal,1121.5799,0.5332,0.0,0.0,0,Stable,0.75,9000.0,2.0,0.0,DECREASE,NO,,EOQ,HIGH,MEDIUM,NO,eoq,"EOQ v1: Q=11132 (raw=11131.2), ROP=0, SS=0",0,1133,9296,95.6086,100.0,100.0,-4.3914,-4.3914,952.7269,1946.7183,1458.8012,-506.0743,-9.0,-5949.0,eoq,YES,35.1312,thin_delivery_data
PLANT_A__MATERIAL_0028,PLANT_A,MATERIAL_0028,Lumpy,Negative Binomial,0.7396,2.3252,0.0,0.0,0,Stable,0.01,0.0,4.0,0.0,DECREASE,YES,MILP_T3,NB branch,HIGH,MEDIUM,NO,negbin,"collapsed_from_negbin->(r,Q) [nb_branch_ablation]: ",37,46,26,94.4,64.8,94.4,29.6,0.0,1921.188,1002.0124,1921.188,0.0,4.0,74.0,"(r,Q)",YES,118.4,service_gain_vs_sap|stockout_reduction_vs_sap|hard_flag|thin_delivery_data
PLANT_A__MATERIAL_0027,PLANT_A,MATERIAL_0027,Smooth,Normal,397.237,0.2847,1.1291,0.8513,23,Unstable,0.44,0.0,2.5,3.0,INCREASE,NO,,Base-stock,MEDIUM,MEDIUM,NO,"(s,S)","(s,S) v3: s=1999, S=2382; SS=756, OQ=383",889,2331,371,100.0,100.0,100.0,0.0,0.0,42659.387,15850.3988,31922.4097,10736.9773,0.0,0.0,"(s,S)",YES,0.0,order_up_to_case|cost_premium_vs_universal_rq
PLANT_B__MATERIAL_0213,PLANT_B,MATERIAL_0213,Lumpy,Negative Binomial,27.1033,2.941,3.1328,0.357,18,Moderate,0.61,0.0,4.0,4.0,MAINTAIN,YES,MILP_T3,NB branch,HIGH,MEDIUM,NO,negbin,"collapsed_from_negbin->(r,Q) [nb_branch_ablation]: ",1209,1473,467,95.7705,32.181,95.7705,63.5895,0.0,5278.0968,1675.9205,5278.0968,0.0,37.0,20823.0,"(r,Q)",YES,2352.8115,service_gain_vs_sap|stockout_reduction_vs_sap|hard_flag
PLANT_B__MATERIAL_0057,PLANT_B,MATERIAL_0057,Smooth,Normal,315.4403,0.4068,1.2151,0.7148,192,Unstable,0.55,0.0,3.0,2.5,DECREASE,NO,,"(r,Q)",HIGH,MEDIUM,NO,"(r,Q)","(r,Q) v3 [Smooth]: σ_LTD_rob=304.5, SS_normal=501 SS_spike=0 → SS=501, ROP=1200, OQ=1324",919,2256,1384,100.0,100.0,100.0,0.0,0.0,5813.3388,4282.23,5813.3388,0.0,0.0,0.0,"(r,Q)",NO,0.0,
PLANT_B__MATERIAL_0196,PLANT_B,MATERIAL_0196,Lumpy,Negative Binomial,2776.4937,2.8585,0.3418,0.7671,11,Unstable,0.22,0.0,4.0,1.5,DECREASE,YES,MILP_T3,NB branch,HIGH,HIGH,YES,negbin,"collapsed_from_negbin->(r,Q) [nb_branch_ablation]: ",108006,128936,11136,98.3954,50.8857,98.3954,47.5097,0.0,63194.224,13740.3012,63194.224,0.0,12.0,219366.0,"(r,Q)",YES,570.1164,service_gain_vs_sap|stockout_reduction_vs_sap|hard_flag
PLANT_A__MATERIAL_0038,PLANT_A,MATERIAL_0038,Dead stock,Normal,0.0,0.0,0.0,0.0,0,Stable,0.26,0.0,4.0,0.0,DECREASE,NO,,"(r,Q)",UNCERTAIN,HIGH,YES,,,10,11,16,69.3548,53.2258,69.3548,16.129,0.0,523.6039,361.6889,523.6039,0.0,0.0,10.0,"(r,Q)",YES,0.0,service_gain_vs_sap|thin_delivery_data
PLANT_B__MATERIAL_0228,PLANT_B,MATERIAL_0228,Smooth,Normal,2491.3053,0.4106,1.1276,0.8086,193,Unstable,0.46,0.0,2.5,3.0,INCREASE,NO,,"(r,Q)",MEDIUM,HIGH,YES,"(r,Q)","(r,Q) v3 [Smooth]: σ_LTD_rob=2532.1, SS_normal=4165 SS_spike=0 → SS=4165, ROP=9466, OQ=6475",6686,15743,6939,100.0,100.0,100.0,0.0,0.0,7141.9602,4783.2552,7141.9602,0.0,0.0,0.0,"(r,Q)",NO,0.0,
PLANT_B__MATERIAL_0216,PLANT_B,MATERIAL_0216,Lumpy,Negative Binomial,28.7603,2.915,2.9025,0.3991,20,Moderate,0.56,0.0,4.0,4.5,INCREASE,YES,MILP_T3,NB branch,HIGH,MEDIUM,NO,negbin,"collapsed_from_negbin->(r,Q) [nb_branch_ablation]: ",1237,1498,393,81.5064,28.0298,81.5064,53.4766,0.0,5227.6406,1734.9441,5227.6406,0.0,6.0,17743.0,"(r,Q)",YES,320.8596,service_gain_vs_sap|stockout_reduction_vs_sap|hard_flag
PLANT_A__MATERIAL_0060,PLANT_A,MATERIAL_0060,Smooth,Normal,3313.8259,0.2768,0.0,0.0,0,Stable,0.35,0.0,3.5,0.0,DECREASE,NO,,EOQ,HIGH,MEDIUM,NO,eoq,"EOQ v1: Q=129612 (raw=129611.9), ROP=0, SS=0",0,3345,108193,100.0,100.0,100.0,0.0,0.0,154.2459,174.6478,185.7376,-31.4917,0.0,0.0,eoq,YES,0.0,thin_delivery_data
PLANT_B__MATERIAL_0191,PLANT_B,MATERIAL_0191,Smooth,Normal,96741.4159,0.187,0.4714,1.0473,218,Unstable,0.49,64960.0,2.5,1.5,DECREASE,NO,,"(r,Q)",HIGH,MEDIUM,YES,"(r,Q)","(r,Q) v3 [Smooth]: σ_LTD_rob=57701.5, SS_normal=94911 SS_spike=0 → SS=43696(capped), ROP=186041, OQ=21848",124482,412775,23415,26.4369,25.6428,26.4369,0.7941,0.0,16541.5965,12571.662,16541.5965,0.0,1.0,59522.0,"(r,Q)",NO,0.7941,
PLANT_A__MATERIAL_0039,PLANT_A,MATERIAL_0039,Lumpy,Negative Binomial,0.3061,2.3294,0.0,0.0,0,Stable,0.07,0.0,4.0,0.0,DECREASE,YES,MILP_T3,NB branch,HIGH,MEDIUM,NO,negbin,"collapsed_from_negbin->(r,Q) [nb_branch_ablation]: ",44,53,28,100.0,68.5185,100.0,31.4815,0.0,1810.1254,860.745,1810.1254,0.0,5.0,68.0,"(r,Q)",YES,157.4075,service_gain_vs_sap|stockout_reduction_vs_sap|hard_flag|thin_delivery_data
PLANT_B__MATERIAL_0096,PLANT_B,MATERIAL_0096,Smooth,Normal,152.192,0.6384,0.7382,1.0245,72,Unstable,0.46,70.0,2.5,2.5,MAINTAIN,NO,,"(r,Q)",HIGH,MEDIUM,NO,"(r,Q)","(r,Q) v3 [Smooth]: σ_LTD_rob=155.0, SS_normal=255 SS_spike=0 → SS=255, ROP=520, OQ=860",664,1170,909,100.0,100.0,100.0,0.0,0.0,3438.4869,2309.1842,3438.4869,0.0,0.0,0.0,"(r,Q)",NO,0.0,
PLANT_B__MATERIAL_0214,PLANT_B,MATERIAL_0214,Lumpy,Negative Binomial,27.8361,2.92,1.5285,0.5982,20,Unstable,0.45,0.0,4.0,3.5,DECREASE,YES,MILP_T3,NB branch,HIGH,HIGH,YES,negbin,"collapsed_from_negbin->(r,Q) [nb_branch_ablation]: ",1073,1283,285,60.4954,29.3651,60.4954,31.1303,0.0,3459.7238,1664.2711,3459.7238,0.0,5.0,10193.0,"(r,Q)",YES,155.6515,service_gain_vs_sap|stockout_reduction_vs_sap|hard_flag
PLANT_A__MATERIAL_0110,PLANT_A,MATERIAL_0110,Smooth,Normal,408.0572,0.3889,1.06,0.8917,210,Unstable,0.37,0.0,3.0,3.5,INCREASE,NO,,"(r,Q)",HIGH,HIGH,YES,"(r,Q)","(r,Q) v3 [Smooth]: σ_LTD_rob=400.1, SS_normal=658 SS_spike=0 → SS=658, ROP=1499, OQ=2432",1456,3139,2646,100.0,100.0,100.0,0.0,0.0,1919.2535,1385.0376,1919.2535,0.0,0.0,0.0,"(r,Q)",NO,0.0,
PLANT_A__MATERIAL_0074,PLANT_A,MATERIAL_0074,Smooth,Normal,2500.6931,0.1387,0.0,0.0,0,Stable,0.9493,32000.0,10.0,0.0,DECREASE,NO,,EOQ,MEDIUM,MEDIUM,NO,eoq,"EOQ v1: Q=176399 (raw=176398.9), ROP=0, SS=0",0,2539,147282,100.0,100.0,100.0,0.0,0.0,162.0338,225.4879,198.4843,-36.4505,0.0,0.0,eoq,YES,0.0,thin_delivery_data
PLANT_B__MATERIAL_0222,PLANT_B,MATERIAL_0222,Smooth,Normal,119.8299,0.65,1.1413,0.8213,48,Unstable,0.44,0.0,2.0,3.0,INCREASE,NO,,"(r,Q)",HIGH,MEDIUM,NO,"(r,Q)","(r,Q) v3 [Smooth]: σ_LTD_rob=123.7, SS_normal=204 SS_spike=0 → SS=204, ROP=461, OQ=273",474,866,293,100.0,100.0,100.0,0.0,0.0,15022.3959,8193.4882,15022.3959,0.0,0.0,0.0,"(r,Q)",NO,0.0,
PLANT_A__MATERIAL_0008,PLANT_A,MATERIAL_0008,Dead stock,Normal,0.0,0.0,1.5967,0.794,3,Unstable,0.21,0.0,3.0,5.5,INCREASE,NO,,"(r,Q)",UNCERTAIN,HIGH,YES,,,23,25,11,100.0,100.0,100.0,0.0,0.0,661.4857,238.8698,661.4857,0.0,0.0,0.0,"(r,Q)",YES,0.0,thin_delivery_data
PLANT_A__MATERIAL_0025,PLANT_A,MATERIAL_0025,Smooth,Normal,899.9742,0.244,1.2331,0.781,118,Unstable,0.45,1152.0,3.0,3.5,INCREASE,NO,,Base-stock,HIGH,MEDIUM,YES,"(s,S)","(s,S) v3: s=3384, S=6989; SS=1374, OQ=3605",3350,7248,3980,100.0,100.0,100.0,0.0,0.0,3534.5897,2741.4849,3545.3937,-10.804,0.0,0.0,"(s,S)",YES,0.0,order_up_to_case
PLANT_A__MATERIAL_0159,PLANT_A,MATERIAL_0159,Lumpy,Negative Binomial,97.165,1.9729,1.1036,0.9802,11,Unstable,0.2,0.0,3.0,4.5,INCREASE,YES,MILP_T3|UNSTABLE_LT_SEVERE_VARIANCE|UNSTABLE_LT_SLT_INCREASE,NB branch,HIGH,HIGH,YES,negbin,"collapsed_from_negbin->(r,Q) [nb_branch_ablation]: ",1143,1555,788,100.0,100.0,100.0,0.0,0.0,2224.9843,1081.324,2224.9843,0.0,0.0,0.0,"(r,Q)",YES,0.0,hard_flag
PLANT_A__MATERIAL_0107,PLANT_A,MATERIAL_0107,Smooth,Normal,49273.5074,0.2737,1.8029,0.727,246,Unstable,0.39,0.0,4.0,5.0,INCREASE,NO,,Base-stock,HIGH,HIGH,YES,"(s,S)","(s,S) v3: s=325856, S=477023; SS=138474, OQ=151167",163211,456934,149237,100.0,100.0,100.0,0.0,0.0,12150.9742,8319.1688,12173.6922,-22.718,0.0,0.0,"(s,S)",YES,0.0,order_up_to_case
PLANT_A__MATERIAL_0012,PLANT_A,MATERIAL_0012,Smooth,Normal,180.373,0.3495,1.4452,0.6409,61,Unstable,0.5,0.0,2.0,3.0,INCREASE,NO,,"(r,Q)",HIGH,MEDIUM,NO,"(r,Q)","(r,Q) v3 [Smooth]: σ_LTD_rob=184.1, SS_normal=303 SS_spike=0 → SS=303, ROP=744, OQ=1416",524,1156,1548,100.0,100.0,100.0,0.0,0.0,893.099,640.4015,893.099,0.0,0.0,0.0,"(r,Q)",NO,0.0,
PLANT_A__MATERIAL_0019,PLANT_A,MATERIAL_0019,Smooth,Normal,305.8899,0.2892,1.4274,0.6559,118,Unstable,0.49,0.0,2.0,3.0,INCREASE,NO,,"(r,Q)",HIGH,MEDIUM,NO,"(r,Q)","(r,Q) v3 [Smooth]: σ_LTD_rob=306.1, SS_normal=504 SS_spike=0 → SS=504, ROP=1247, OQ=3853",880,1951,4242,100.0,100.0,100.0,0.0,0.0,497.4909,401.1625,497.4909,0.0,0.0,0.0,"(r,Q)",NO,0.0,
PLANT_A__MATERIAL_0024,PLANT_A,MATERIAL_0024,Smooth,Normal,424.4553,0.2165,1.4622,0.7842,83,Unstable,0.41,672.0,3.0,4.0,INCREASE,NO,,"(s,S)",UNCERTAIN,HIGH,YES,"(r,Q)","(r,Q) v3 [Smooth]: σ_LTD_rob=748.1, SS_normal=1231 SS_spike=0 → SS=1231, ROP=3125, OQ=9948",2452,4419,11076,100.0,100.0,100.0,0.0,0.0,320.9483,280.6679,320.9483,0.0,0.0,0.0,"(r,Q)",NO,0.0,
PLANT_A__MATERIAL_0041,PLANT_A,MATERIAL_0041,Smooth,Normal,261.1708,0.2502,1.1353,0.87,19,Unstable,0.42,0.0,2.5,3.5,INCREASE,NO,,"(r,Q)",HIGH,MEDIUM,NO,"(r,Q)","(r,Q) v3 [Smooth]: σ_LTD_rob=296.6, SS_normal=488 SS_spike=0 → SS=488, ROP=1307, OQ=298",630,1591,295,100.0,100.0,100.0,0.0,0.0,31080.9711,19090.5397,31080.9711,0.0,0.0,0.0,"(r,Q)",NO,0.0,
PLANT_A__MATERIAL_0056,PLANT_A,MATERIAL_0056,Smooth,Normal,1427.6624,0.5322,0.944,1.2792,5,Unstable,0.32,12400.0,5.0,4.0,DECREASE,NO,,"(r,Q)",HIGH,MEDIUM,NO,"(r,Q)","(r,Q) v3 [Smooth]: σ_LTD_rob=1346.0, SS_normal=2214 SS_spike=0 → SS=2214, ROP=4989, OQ=114765",7556,16322,127838,100.0,100.0,100.0,0.0,0.0,64.8251,67.5352,64.8251,0.0,0.0,0.0,"(r,Q)",YES,0.0,thin_delivery_data
PLANT_A__MATERIAL_0061,PLANT_A,MATERIAL_0061,Smooth,Normal,617.2567,0.2073,2.2929,0.5568,179,Unstable,0.55,672.0,3.0,4.0,INCREASE,NO,,"(r,Q)",HIGH,MEDIUM,YES,"(r,Q)","(r,Q) v3 [Smooth]: σ_LTD_rob=1335.8, SS_normal=2197 SS_spike=0 → SS=2197, ROP=5464, OQ=5230",3334,6705,5802,100.0,100.0,100.0,0.0,0.0,2073.2439,1597.2783,2073.2439,0.0,0.0,0.0,"(r,Q)",NO,0.0,
PLANT_A__MATERIAL_0063,PLANT_A,MATERIAL_0063,Smooth,Normal,629.6083,0.2049,2.2248,0.5767,196,Unstable,0.56,0.0,3.0,4.0,INCREASE,NO,,"(r,Q)",HIGH,MEDIUM,NO,"(r,Q)","(r,Q) v3 [Smooth]: σ_LTD_rob=1246.1, SS_normal=2050 SS_spike=0 → SS=2050, ROP=5340, OQ=1923",3354,6754,2133,100.0,100.0,100.0,0.0,0.0,6817.0701,3798.7951,6817.0701,0.0,0.0,0.0,"(r,Q)",NO,0.0,
PLANT_A__MATERIAL_0065,PLANT_A,MATERIAL_0065,Smooth,Normal,424.4553,0.2165,2.2176,0.5762,192,Unstable,0.56,0.0,3.0,4.0,INCREASE,NO,,"(r,Q)",HIGH,MEDIUM,NO,"(r,Q)","(r,Q) v3 [Smooth]: σ_LTD_rob=809.0, SS_normal=1331 SS_spike=0 → SS=1331, ROP=3546, OQ=1561",2675,4979,1737,100.0,100.0,100.0,0.0,0.0,5347.7646,2885.1513,5347.7646,0.0,0.0,0.0,"(r,Q)",NO,0.0,
PLANT_A__MATERIAL_0073,PLANT_A,MATERIAL_0073,Smooth,Normal,5182.1468,0.1716,1.6857,0.6569,46,Unstable,0.45,0.0,2.5,4.0,INCREASE,NO,,"(r,Q)",MEDIUM,MEDIUM,YES,"(r,Q)","(r,Q) v3 [Smooth]: σ_LTD_rob=5410.8, SS_normal=8900 SS_spike=0 → SS=8900, ROP=22818, OQ=273810",11435,33181,301609,100.0,100.0,100.0,0.0,0.0,170.9296,164.8561,170.9296,0.0,0.0,0.0,"(r,Q)",NO,0.0,
PLANT_A__MATERIAL_0108,PLANT_A,MATERIAL_0108,Smooth,Normal,62342.1739,0.3789,1.776,0.7278,246,Unstable,0.37,26840.0,3.9,5.0,INCREASE,NO,,"(r,Q)",HIGH,HIGH,YES,"(r,Q)","(r,Q) v3 [Smooth]: σ_LTD_rob=98866.3, SS_normal=162621 SS_spike=0 → SS=162621, ROP=398025, OQ=167930",221140,584951,166476,100.0,100.0,100.0,0.0,0.0,16117.846,11181.7415,16117.846,0.0,0.0,0.0,"(r,Q)",NO,0.0,
PLANT_A__MATERIAL_0122,PLANT_A,MATERIAL_0122,Smooth,Normal,26.2128,0.4386,1.975,0.7626,2,Unstable,0.9503,4000.0,5.0,2.5,DECREASE,NO,,"(r,Q)",HIGH,MEDIUM,NO,"(r,Q)","(r,Q) v3 [Smooth]: σ_LTD_rob=37.5, SS_normal=62 SS_spike=0 → SS=62, ROP=166, OQ=5789",539,751,6805,100.0,100.0,100.0,0.0,0.0,42.2702,63.7796,42.2702,0.0,0.0,0.0,"(r,Q)",YES,0.0,thin_delivery_data
PLANT_A__MATERIAL_0152,PLANT_A,MATERIAL_0152,Smooth,Normal,21200.2778,0.4104,1.7262,0.7207,196,Unstable,0.36,0.0,3.3,4.5,INCREASE,NO,,"(r,Q)",MEDIUM,HIGH,YES,"(r,Q)","(r,Q) v3 [Smooth]: σ_LTD_rob=34412.6, SS_normal=56604 SS_spike=0 → SS=56604, ROP=135600, OQ=108877",104294,219113,110058,100.0,100.0,100.0,0.0,0.0,5554.2439,3511.1245,5554.2439,0.0,0.0,0.0,"(r,Q)",NO,0.0,
PLANT_A__MATERIAL_0153,PLANT_A,MATERIAL_0153,Smooth,Normal,19379.1354,0.3069,1.8033,0.7305,228,Unstable,0.39,0.0,4.0,5.0,INCREASE,NO,,"(r,Q)",MEDIUM,HIGH,YES,"(r,Q)","(r,Q) v3 [Smooth]: σ_LTD_rob=33289.3, SS_normal=54756 SS_spike=0 → SS=54756, ROP=147840, OQ=100084",68830,183832,99055,100.0,100.0,100.0,0.0,0.0,5386.0042,3855.8176,5386.0042,0.0,0.0,0.0,"(r,Q)",NO,0.0,
PLANT_A__MATERIAL_0165,PLANT_A,MATERIAL_0165,Smooth,Normal,224.0983,0.432,1.5339,1.6592,165,Unstable,0.3,20.0,2.0,8.0,INCREASE,NO,,"(r,Q)",HIGH,MEDIUM,YES,"(r,Q)","(r,Q) v3 [Smooth]: σ_LTD_rob=233.3, SS_normal=384 SS_spike=0 → SS=384, ROP=952, OQ=676",1214,2017,709,100.0,100.0,100.0,0.0,0.0,9724.6847,4705.6165,9724.6847,0.0,0.0,0.0,"(r,Q)",NO,0.0,
PLANT_A__MATERIAL_0238,PLANT_A,MATERIAL_0238,Smooth,Normal,1348.5009,0.4904,2.3253,0.5326,163,Unstable,0.51,1000.0,3.0,4.5,INCREASE,NO,,"(r,Q)",HIGH,MEDIUM,YES,"(r,Q)","(r,Q) v3 [Smooth]: σ_LTD_rob=2855.1, SS_normal=4696 SS_spike=0 → SS=4696, ROP=11877, OQ=10728",5706,12998,11891,100.0,100.0,100.0,0.0,0.0,1965.2717,1534.5668,1965.2717,0.0,0.0,0.0,"(r,Q)",NO,0.0,
PLANT_A__MATERIAL_0239,PLANT_A,MATERIAL_0239,Smooth,Normal,1348.5009,0.4904,2.3694,0.5308,160,Unstable,0.54,1000.0,3.0,4.0,INCREASE,NO,,"(r,Q)",HIGH,MEDIUM,YES,"(r,Q)","(r,Q) v3 [Smooth]: σ_LTD_rob=2850.3, SS_normal=4688 SS_spike=0 → SS=4688, ROP=11929, OQ=10755",5753,13105,11919,100.0,100.0,100.0,0.0,0.0,1976.5667,1543.6392,1976.5667,0.0,0.0,0.0,"(r,Q)",NO,0.0,
PLANT_B__MATERIAL_0102,PLANT_B,MATERIAL_0102,Smooth,Normal,152.2718,0.6083,1.7258,0.8896,169,Unstable,0.29,0.0,4.5,6.0,INCREASE,NO,,"(r,Q)",HIGH,MEDIUM,YES,"(r,Q)","(r,Q) v3 [Smooth]: σ_LTD_rob=294.6, SS_normal=485 SS_spike=0 → SS=485, ROP=1205, OQ=1355",964,1934,1430,100.0,100.0,100.0,0.0,0.0,1526.3496,1034.4019,1526.3496,0.0,0.0,0.0,"(r,Q)",NO,0.0,
PLANT_A__MATERIAL_0045,PLANT_A,MATERIAL_0045,Lumpy,Negative Binomial,54.0019,1.2781,3.5567,0.2342,6,Moderate,0.39,0.0,5.0,6.5,INCREASE,NO,,NB branch,MEDIUM,HIGH,YES,negbin,"collapsed_from_negbin->(r,Q) [nb_branch_ablation]: ",859,1349,12806,100.0,100.0,100.0,0.0,0.0,40.745,37.9578,40.745,0.0,0.0,0.0,"(r,Q)",YES,0.0,thin_delivery_data
PLANT_A__MATERIAL_0051,PLANT_A,MATERIAL_0051,Smooth,Normal,625.9415,0.1993,1.3577,0.6708,184,Unstable,0.52,0.0,3.0,3.0,MAINTAIN,NO,,Base-stock,HIGH,MEDIUM,NO,"(s,S)","(s,S) v3: s=2473, S=6128; SS=997, OQ=3655",1384,4143,4013,100.0,100.0,100.0,0.0,0.0,1932.8889,1608.0135,1950.5672,-17.6783,0.0,0.0,"(s,S)",YES,0.0,order_up_to_case
PLANT_A__MATERIAL_0064,PLANT_A,MATERIAL_0064,Smooth,Normal,423.2645,0.2222,1.339,0.6682,189,Unstable,0.51,0.0,3.0,3.0,MAINTAIN,NO,,Base-stock,MEDIUM,MEDIUM,NO,"(s,S)","(s,S) v3: s=1663, S=3341; SS=673, OQ=1678",1002,2856,1841,100.0,100.0,100.0,0.0,0.0,3322.7944,2558.9821,3354.7822,-31.9878,0.0,0.0,"(s,S)",YES,0.0,order_up_to_case
PLANT_A__MATERIAL_0062,PLANT_A,MATERIAL_0062,Smooth,Normal,626.218,0.1993,1.369,0.6672,192,Unstable,0.5,0.0,3.0,3.0,MAINTAIN,NO,,Base-stock,HIGH,MEDIUM,NO,"(s,S)","(s,S) v3: s=2486, S=4586; SS=1002, OQ=2100",1387,4155,2306,100.0,100.0,100.0,0.0,0.0,4559.256,3396.9256,4438.257,120.999,0.0,0.0,"(s,S)",YES,0.0,order_up_to_case|cost_premium_vs_universal_rq
PLANT_A__MATERIAL_0018,PLANT_A,MATERIAL_0018,Smooth,Normal,629.6406,0.2048,1.4836,0.6382,109,Unstable,0.5,0.0,3.0,3.0,MAINTAIN,NO,,"(r,Q)",HIGH,MEDIUM,NO,"(r,Q)","(r,Q) v3 [Smooth]: σ_LTD_rob=663.6, SS_normal=1092 SS_spike=0 → SS=1092, ROP=2656, OQ=5431",2888,5801,6026,100.0,100.0,100.0,0.0,0.0,1320.7106,995.1895,1320.7106,0.0,0.0,0.0,"(r,Q)",NO,0.0,
PLANT_A__MATERIAL_0023,PLANT_A,MATERIAL_0023,Smooth,Normal,425.2099,0.2175,1.2201,0.7529,137,Unstable,0.48,576.0,3.0,3.0,MAINTAIN,NO,,"(r,Q)",HIGH,MEDIUM,NO,"(r,Q)","(r,Q) v3 [Smooth]: σ_LTD_rob=389.1, SS_normal=640 SS_spike=0 → SS=640, ROP=1584, OQ=2433",2274,4146,2703,100.0,100.0,100.0,0.0,0.0,2377.6099,1730.3525,2377.6099,0.0,0.0,0.0,"(r,Q)",NO,0.0,
PLANT_A__MATERIAL_0026,PLANT_A,MATERIAL_0026,Smooth,Normal,942.1714,0.1594,1.2456,0.7524,190,Unstable,0.5,1152.0,3.0,3.0,MAINTAIN,NO,,"(r,Q)",HIGH,MEDIUM,NO,"(r,Q)","(r,Q) v3 [Smooth]: σ_LTD_rob=848.1, SS_normal=1395 SS_spike=0 → SS=1395, ROP=3511, OQ=15447",3243,7319,17026,100.0,100.0,100.0,0.0,0.0,470.1458,426.5439,470.1458,0.0,0.0,0.0,"(r,Q)",NO,0.0,
PLANT_A__MATERIAL_0030,PLANT_A,MATERIAL_0030,Lumpy,Negative Binomial,84.7907,0.9354,2.3107,0.4893,41,Moderate,0.46,0.0,4.0,4.5,INCREASE,NO,,NB branch,HIGH,HIGH,YES,negbin,"collapsed_from_negbin->(r,Q) [nb_branch_ablation]: ",774,1331,192,100.0,100.0,100.0,0.0,0.0,30956.4326,13295.0202,30956.4326,0.0,0.0,0.0,"(r,Q)",NO,0.0,
PLANT_A__MATERIAL_0046,PLANT_A,MATERIAL_0046,Smooth,Normal,194.7107,0.3097,1.0314,0.4885,22,Moderate,0.41,0.0,3.0,2.5,DECREASE,NO,,Base-stock,HIGH,MEDIUM,NO,"(s,S)","(s,S) v3: s=681, S=3332; SS=285, OQ=2651",456,1261,2981,100.0,100.0,100.0,0.0,0.0,478.826,460.3318,524.7875,-45.9615,0.0,0.0,"(s,S)",YES,0.0,order_up_to_case
PLANT_A__MATERIAL_0052,PLANT_A,MATERIAL_0052,Smooth,Normal,422.2719,0.2219,1.3156,0.6665,68,Unstable,0.49,0.0,3.0,3.0,MAINTAIN,NO,,"(r,Q)",HIGH,MEDIUM,NO,"(r,Q)","(r,Q) v3 [Smooth]: σ_LTD_rob=397.1, SS_normal=653 SS_spike=0 → SS=653, ROP=1631, OQ=3035",990,2830,3328,100.0,100.0,100.0,0.0,0.0,1371.7492,1131.9496,1371.7492,0.0,0.0,0.0,"(r,Q)",NO,0.0,
PLANT_A__MATERIAL_0066,PLANT_A,MATERIAL_0066,Smooth,Normal,424.4553,0.2165,1.5299,0.6311,70,Unstable,0.45,500.0,4.0,3.5,DECREASE,NO,,"(r,Q)",HIGH,MEDIUM,NO,"(r,Q)","(r,Q) v3 [Smooth]: σ_LTD_rob=448.0, SS_normal=737 SS_spike=0 → SS=737, ROP=1811, OQ=4632",2557,4998,5156,100.0,100.0,100.0,0.0,0.0,926.2588,711.2889,926.2588,0.0,0.0,0.0,"(r,Q)",NO,0.0,
PLANT_A__MATERIAL_0071,PLANT_A,MATERIAL_0071,Smooth,Normal,448.6323,0.2426,1.5899,0.5281,139,Unstable,0.6,300.0,3.5,2.5,DECREASE,NO,,"(r,Q)",MEDIUM,MEDIUM,NO,"(r,Q)","(r,Q) v3 [Smooth]: σ_LTD_rob=452.5, SS_normal=744 SS_spike=0 → SS=744, ROP=1906, OQ=3681",1101,3411,4043,100.0,100.0,100.0,0.0,0.0,1204.7647,1064.7065,1204.7647,0.0,0.0,0.0,"(r,Q)",NO,0.0,
PLANT_A__MATERIAL_0075,PLANT_A,MATERIAL_0075,Smooth,Normal,979.0752,0.5297,1.548,0.6519,15,Unstable,0.21,2000.0,5.0,5.0,MAINTAIN,NO,,"(r,Q)",HIGH,HIGH,YES,"(r,Q)","(r,Q) v3 [Smooth]: σ_LTD_rob=1293.9, SS_normal=2128 SS_spike=0 → SS=2128, ROP=5602, OQ=48045",5504,12100,53155,100.0,100.0,100.0,0.0,0.0,141.333,129.7154,141.333,0.0,0.0,0.0,"(r,Q)",NO,0.0,
PLANT_A__MATERIAL_0081,PLANT_A,MATERIAL_0081,Smooth,Normal,1112.6563,0.5233,0.0,0.0,0,Stable,0.62,6000.0,2.0,0.0,DECREASE,NO,,"(r,Q)",MEDIUM,MEDIUM,NO,"(r,Q)","(r,Q) v3 [Smooth]: σ_LTD_rob=0.0, SS_normal=0 SS_spike=0 → SS=0, ROP=0, OQ=12669",3595,7032,13883,100.0,100.0,100.0,0.0,0.0,1091.8512,1224.787,1091.8512,0.0,0.0,0.0,"(r,Q)",YES,0.0,thin_delivery_data
PLANT_A__MATERIAL_0091,PLANT_A,MATERIAL_0091,Smooth,Normal,1178.3052,0.4968,2.4334,0.4596,73,Moderate,0.58,0.0,3.0,4.0,INCREASE,NO,,"(r,Q)",HIGH,MEDIUM,NO,"(r,Q)","(r,Q) v3 [Smooth]: σ_LTD_rob=2270.6, SS_normal=3735 SS_spike=0 → SS=3735, ROP=10137, OQ=7340",4978,11500,8017,100.0,100.0,100.0,0.0,0.0,2940.0755,2077.8482,2940.0755,0.0,0.0,0.0,"(r,Q)",NO,0.0,
PLANT_A__MATERIAL_0092,PLANT_A,MATERIAL_0092,Smooth,Normal,586.1395,0.4174,2.544,0.4271,78,Moderate,0.59,0.0,3.0,4.0,INCREASE,NO,,"(r,Q)",HIGH,MEDIUM,NO,"(r,Q)","(r,Q) v3 [Smooth]: σ_LTD_rob=1086.1, SS_normal=1786 SS_spike=0 → SS=1786, ROP=4449, OQ=3374",2064,5372,3691,100.0,100.0,100.0,0.0,0.0,2949.9679,2112.1821,2949.9679,0.0,0.0,0.0,"(r,Q)",NO,0.0,
PLANT_A__MATERIAL_0097,PLANT_A,MATERIAL_0097,Smooth,Normal,138.9573,0.5668,1.5464,0.5645,157,Unstable,0.56,100.0,3.0,3.0,MAINTAIN,NO,,"(r,Q)",HIGH,MEDIUM,NO,"(r,Q)","(r,Q) v3 [Smooth]: σ_LTD_rob=147.7, SS_normal=243 SS_spike=0 → SS=243, ROP=597, OQ=1501",650,1305,1664,100.0,100.0,100.0,0.0,0.0,1182.1542,916.2238,1182.1542,0.0,0.0,0.0,"(r,Q)",NO,0.0,
PLANT_A__MATERIAL_0145,PLANT_A,MATERIAL_0145,Smooth,Normal,199.215,0.3384,4.0052,0.4055,155,Moderate,0.24,0.0,4.0,10.0,INCREASE,NO,,"(r,Q)",HIGH,MEDIUM,NO,"(r,Q)","(r,Q) v3 [Smooth]: σ_LTD_rob=462.3, SS_normal=760 SS_spike=0 → SS=760, ROP=2156, OQ=2964",847,2454,3172,100.0,100.0,100.0,0.0,0.0,1174.3846,968.9519,1174.3846,0.0,0.0,0.0,"(r,Q)",NO,0.0,
PLANT_A__MATERIAL_0146,PLANT_A,MATERIAL_0146,Smooth,Normal,199.2593,0.3384,3.9996,0.398,189,Moderate,0.29,0.0,4.0,9.5,INCREASE,NO,,"(r,Q)",HIGH,MEDIUM,YES,"(r,Q)","(r,Q) v3 [Smooth]: σ_LTD_rob=461.1, SS_normal=758 SS_spike=0 → SS=758, ROP=2153, OQ=1777",838,2444,1902,100.0,100.0,100.0,0.0,0.0,2424.5115,1858.3477,2424.5115,0.0,0.0,0.0,"(r,Q)",NO,0.0,
PLANT_A__MATERIAL_0147,PLANT_A,MATERIAL_0147,Smooth,Normal,201.2889,0.322,4.0368,0.3973,187,Moderate,0.31,65.0,4.0,9.0,INCREASE,NO,,"(r,Q)",HIGH,MEDIUM,NO,"(r,Q)","(r,Q) v3 [Smooth]: σ_LTD_rob=464.8, SS_normal=765 SS_spike=0 → SS=765, ROP=2181, OQ=1305",838,2467,1395,100.0,100.0,100.0,0.0,0.0,3877.7483,2897.7462,3877.7483,0.0,0.0,0.0,"(r,Q)",NO,0.0,
PLANT_A__MATERIAL_0148,PLANT_A,MATERIAL_0148,Smooth,Normal,198.7106,0.3387,4.1624,0.3699,143,Moderate,0.22,0.0,4.0,11.0,INCREASE,NO,,"(r,Q)",HIGH,MEDIUM,NO,"(r,Q)","(r,Q) v3 [Smooth]: σ_LTD_rob=462.2, SS_normal=760 SS_spike=0 → SS=760, ROP=2183, OQ=3471",832,2462,3714,100.0,100.0,100.0,0.0,0.0,863.4206,716.4815,863.4206,0.0,0.0,0.0,"(r,Q)",NO,0.0,
PLANT_A__MATERIAL_0149,PLANT_A,MATERIAL_0149,Smooth,Normal,199.131,0.339,4.0831,0.3734,156,Moderate,0.22,50.0,4.0,10.5,INCREASE,NO,,"(r,Q)",HIGH,MEDIUM,NO,"(r,Q)","(r,Q) v3 [Smooth]: σ_LTD_rob=461.6, SS_normal=759 SS_spike=0 → SS=759, ROP=2169, OQ=2574",827,2445,2754,100.0,100.0,100.0,0.0,0.0,1337.0819,1087.0027,1337.0819,0.0,0.0,0.0,"(r,Q)",NO,0.0,
PLANT_A__MATERIAL_0155,PLANT_A,MATERIAL_0155,Erratic,Gamma,207.1252,0.7447,2.4742,0.4804,141,Moderate,0.58,300.0,3.0,4.0,INCREASE,NO,,"(r,Q)",HIGH,HIGH,YES,"(r,Q)","(r,Q) v3 [Erratic]: σ_LTD_rob=432.5, SS_normal=711 SS_spike=108 → SS=820, ROP=1954, OQ=4848",1426,2586,5301,100.0,100.0,100.0,0.0,0.0,417.579,338.5024,417.579,0.0,0.0,0.0,"(r,Q)",NO,0.0,
PLANT_A__MATERIAL_0156,PLANT_A,MATERIAL_0156,Erratic,Gamma,207.1252,0.7447,2.5435,0.4909,127,Moderate,0.57,300.0,3.0,4.0,INCREASE,NO,,"(r,Q)",HIGH,HIGH,YES,"(r,Q)","(r,Q) v3 [Erratic]: σ_LTD_rob=435.9, SS_normal=717 SS_spike=110 → SS=827, ROP=1975, OQ=1589",1443,2618,1737,100.0,100.0,100.0,0.0,0.0,2457.098,1708.536,2457.098,0.0,0.0,0.0,"(r,Q)",NO,0.0,
PLANT_A__MATERIAL_0157,PLANT_A,MATERIAL_0157,Smooth,Normal,408.1068,0.3889,2.5157,0.4857,143,Moderate,0.58,380.0,3.0,4.0,INCREASE,NO,,"(r,Q)",HIGH,MEDIUM,NO,"(r,Q)","(r,Q) v3 [Smooth]: σ_LTD_rob=806.5, SS_normal=1326 SS_spike=0 → SS=1326, ROP=3577, OQ=1648",1758,4043,1792,100.0,100.0,100.0,0.0,0.0,5579.9659,3927.1845,5579.9659,0.0,0.0,0.0,"(r,Q)",NO,0.0,
PLANT_A__MATERIAL_0158,PLANT_A,MATERIAL_0158,Smooth,Normal,408.1068,0.3889,2.5712,0.4717,161,Moderate,0.62,380.0,3.0,4.0,INCREASE,NO,,"(r,Q)",HIGH,MEDIUM,NO,"(r,Q)","(r,Q) v3 [Smooth]: σ_LTD_rob=807.7, SS_normal=1328 SS_spike=0 → SS=1328, ROP=3602, OQ=5369",1758,4062,5841,100.0,100.0,100.0,0.0,0.0,918.6096,763.0221,918.6096,0.0,0.0,0.0,"(r,Q)",NO,0.0,
PLANT_A__MATERIAL_0166,PLANT_A,MATERIAL_0166,Smooth,Normal,225.1433,0.4317,2.7322,0.4223,186,Moderate,0.63,100.0,2.5,3.5,INCREASE,NO,,"(r,Q)",HIGH,MEDIUM,NO,"(r,Q)","(r,Q) v3 [Smooth]: σ_LTD_rob=465.9, SS_normal=766 SS_spike=0 → SS=766, ROP=2057, OQ=1249",804,1998,1307,100.0,100.0,100.0,0.0,0.0,2186.5496,1595.612,2186.5496,0.0,0.0,0.0,"(r,Q)",NO,0.0,
PLANT_A__MATERIAL_0197,PLANT_A,MATERIAL_0197,Smooth,Normal,1035.0636,0.6198,0.0,0.0,0,Stable,0.62,7500.0,2.0,0.0,DECREASE,NO,,"(r,Q)",MEDIUM,MEDIUM,NO,"(r,Q)","(r,Q) v3 [Smooth]: σ_LTD_rob=0.0, SS_normal=0 SS_spike=0 → SS=0, ROP=0, OQ=9894",3631,6813,11015,100.0,100.0,100.0,0.0,0.0,1254.7031,1569.2471,1254.7031,0.0,0.0,0.0,"(r,Q)",YES,0.0,thin_delivery_data
PLANT_A__MATERIAL_0203,PLANT_A,MATERIAL_0203,Smooth,Normal,1035.5121,0.6195,0.0,0.0,0,Stable,0.66,7500.0,2.0,0.0,DECREASE,NO,,"(r,Q)",HIGH,MEDIUM,NO,"(r,Q)","(r,Q) v3 [Smooth]: σ_LTD_rob=0.0, SS_normal=0 SS_spike=0 → SS=0, ROP=0, OQ=2596",3631,6814,2890,100.0,100.0,100.0,0.0,0.0,10257.6291,14829.3394,10257.6291,0.0,0.0,0.0,"(r,Q)",YES,0.0,thin_delivery_data
PLANT_A__MATERIAL_0221,PLANT_A,MATERIAL_0221,Smooth,Normal,347.0325,0.4428,2.5664,0.4637,118,Moderate,0.63,300.0,3.0,3.5,INCREASE,NO,,"(r,Q)",HIGH,MEDIUM,NO,"(r,Q)","(r,Q) v3 [Smooth]: σ_LTD_rob=674.8, SS_normal=1110 SS_spike=0 → SS=1110, ROP=3042, OQ=1782",1609,3567,2022,100.0,100.0,100.0,0.0,0.0,3744.8816,2644.3457,3744.8816,0.0,0.0,0.0,"(r,Q)",NO,0.0,
PLANT_A__MATERIAL_0236,PLANT_A,MATERIAL_0236,Smooth,Normal,1348.5009,0.4904,2.6704,0.4657,169,Moderate,0.56,1000.0,3.0,4.5,INCREASE,NO,,"(r,Q)",HIGH,MEDIUM,NO,"(r,Q)","(r,Q) v3 [Smooth]: σ_LTD_rob=2771.1, SS_normal=4558 SS_spike=0 → SS=4558, ROP=12205, OQ=8167",5827,13580,9052,100.0,100.0,100.0,0.0,0.0,2779.927,2029.6927,2779.927,0.0,0.0,0.0,"(r,Q)",NO,0.0,
PLANT_B__MATERIAL_0103,PLANT_B,MATERIAL_0103,Smooth,Normal,152.5912,0.5476,1.36,0.8014,39,Unstable,0.23,0.0,4.5,4.5,MAINTAIN,NO,,"(r,Q)",HIGH,HIGH,YES,"(r,Q)","(r,Q) v3 [Smooth]: σ_LTD_rob=172.0, SS_normal=283 SS_spike=0 → SS=283, ROP=643, OQ=2518",831,1743,2650,100.0,100.0,100.0,0.0,0.0,476.4984,353.1062,476.4984,0.0,0.0,0.0,"(r,Q)",NO,0.0,
PLANT_B__MATERIAL_0131,PLANT_B,MATERIAL_0131,Smooth,Normal,802.6087,0.5293,0.28,1.3686,10,Unstable,0.31,10400.0,3.0,1.5,DECREASE,NO,,"(r,Q)",HIGH,HIGH,YES,"(r,Q)","(r,Q) v3 [Smooth]: σ_LTD_rob=359.7, SS_normal=592 SS_spike=0 → SS=592, ROP=1619, OQ=14375",2437,5085,15676,100.0,100.0,100.0,0.0,0.0,494.9486,662.4201,494.9486,0.0,0.0,0.0,"(r,Q)",NO,0.0,
PLANT_B__MATERIAL_0151,PLANT_B,MATERIAL_0151,Smooth,Normal,1576.6134,0.4063,1.5635,0.6027,37,Unstable,0.42,3000.0,4.0,3.5,DECREASE,NO,,"(r,Q)",MEDIUM,MEDIUM,NO,"(r,Q)","(r,Q) v3 [Smooth]: σ_LTD_rob=1702.4, SS_normal=2800 SS_spike=0 → SS=2800, ROP=6842, OQ=40290",5139,14018,42068,100.0,100.0,100.0,0.0,0.0,339.074,326.2509,339.074,0.0,0.0,0.0,"(r,Q)",NO,0.0,
PLANT_B__MATERIAL_0201,PLANT_B,MATERIAL_0201,Smooth,Normal,29.6618,0.2435,0.28,0.0,1,Stable,0.14,800.0,4.0,1.0,DECREASE,NO,,"(r,Q)",HIGH,MEDIUM,NO,"(r,Q)","(r,Q) v3 [Smooth]: σ_LTD_rob=13.0, SS_normal=21 SS_spike=0 → SS=21, ROP=29, OQ=1416",447,585,1539,100.0,100.0,100.0,0.0,0.0,182.7167,214.917,182.7167,0.0,0.0,0.0,"(r,Q)",YES,0.0,thin_delivery_data
PLANT_B__MATERIAL_0202,PLANT_B,MATERIAL_0202,Smooth,Normal,457.0172,0.6074,0.2414,1.0269,14,Unstable,0.34,4000.0,5.0,1.0,DECREASE,NO,,"(r,Q)",HIGH,MEDIUM,NO,"(r,Q)","(r,Q) v3 [Smooth]: σ_LTD_rob=218.0, SS_normal=359 SS_spike=0 → SS=359, ROP=926, OQ=46325",2301,4760,48814,100.0,100.0,100.0,0.0,0.0,88.541,91.891,88.541,0.0,0.0,0.0,"(r,Q)",NO,0.0,
PLANT_B__MATERIAL_0203,PLANT_B,MATERIAL_0203,Smooth,Normal,1121.5982,0.5332,0.0,0.0,0,Stable,0.8,9000.0,2.0,0.0,DECREASE,NO,,"(r,Q)",HIGH,MEDIUM,NO,"(r,Q)","(r,Q) v3 [Smooth]: σ_LTD_rob=0.0, SS_normal=0 SS_spike=0 → SS=0, ROP=0, OQ=2232",3185,6585,2439,100.0,100.0,100.0,0.0,0.0,9294.3965,16385.981,9294.3965,0.0,0.0,0.0,"(r,Q)",YES,0.0,thin_delivery_data
PLANT_B__MATERIAL_0211,PLANT_B,MATERIAL_0211,Smooth,Normal,78971.9613,0.5886,1.0216,0.8023,93,Unstable,0.53,250000.0,5.0,2.5,DECREASE,NO,,"(r,Q)",HIGH,MEDIUM,YES,"(r,Q)","(r,Q) v3 [Smooth]: σ_LTD_rob=92567.2, SS_normal=152260 SS_spike=0 → SS=59608(capped), ROP=298230, OQ=29804",346694,826535,30955,36.7795,35.4843,36.7795,1.2952,0.0,40657.8791,31451.552,40657.8791,0.0,2.0,96694.0,"(r,Q)",YES,2.5904,service_gain_vs_sap|stockout_reduction_vs_sap
PLANT_B__MATERIAL_0221,PLANT_B,MATERIAL_0221,Erratic,Gamma,235.1035,0.7525,2.7837,0.4134,87,Moderate,0.57,0.0,3.0,4.0,INCREASE,NO,,"(r,Q)",HIGH,HIGH,YES,"(r,Q)","(r,Q) v3 [Erratic]: σ_LTD_rob=509.0, SS_normal=837 SS_spike=135 → SS=972, ROP=2332, OQ=1574",1725,3135,1681,100.0,100.0,100.0,0.0,0.0,3535.298,2039.5211,3535.298,0.0,0.0,0.0,"(r,Q)",NO,0.0,
PLANT_A__MATERIAL_0200,PLANT_A,MATERIAL_0200,Lumpy,Negative Binomial,153.1181,1.1931,5.6955,0.2423,20,Moderate,0.55,0.0,4.5,7.0,INCREASE,NO,,NB branch,HIGH,HIGH,YES,negbin,"collapsed_from_negbin->(r,Q) [nb_branch_ablation]: ",3105,4755,3656,100.0,98.523,100.0,1.477,0.0,1237.0648,746.5085,1237.0648,0.0,1.0,236.0,"(r,Q)",YES,1.477,service_gain_vs_sap
PLANT_A__MATERIAL_0206,PLANT_A,MATERIAL_0206,Lumpy,Negative Binomial,79.8698,1.1729,4.8662,0.3011,32,Moderate,0.57,96.0,5.0,6.5,INCREASE,NO,,NB branch,HIGH,HIGH,YES,negbin,"collapsed_from_negbin->(r,Q) [nb_branch_ablation]: ",1509,2343,1447,100.0,100.0,100.0,0.0,0.0,1863.5975,1122.2628,1863.5975,0.0,0.0,0.0,"(r,Q)",NO,0.0,
PLANT_A__MATERIAL_0205,PLANT_A,MATERIAL_0205,Lumpy,Negative Binomial,79.3209,1.1727,5.1432,0.2853,28,Moderate,0.62,288.0,5.0,6.0,INCREASE,NO,,NB branch,HIGH,HIGH,YES,negbin,"collapsed_from_negbin->(r,Q) [nb_branch_ablation]: ",1526,2378,1581,100.0,100.0,100.0,0.0,0.0,1630.3412,1089.1789,1630.3412,0.0,0.0,0.0,"(r,Q)",NO,0.0,
PLANT_A__MATERIAL_0029,PLANT_A,MATERIAL_0029,Lumpy,Negative Binomial,97.8512,0.886,2.7734,0.4696,77,Moderate,0.54,0.0,4.0,4.5,INCREASE,NO,,NB branch,HIGH,HIGH,YES,negbin,"collapsed_from_negbin->(r,Q) [nb_branch_ablation]: ",961,1654,206,100.0,100.0,100.0,0.0,0.0,41900.5026,20000.3513,41900.5026,0.0,0.0,0.0,"(r,Q)",NO,0.0,
PLANT_A__MATERIAL_0022,PLANT_A,MATERIAL_0022,Lumpy,Negative Binomial,258.237,1.1797,1.09,0.8497,8,Unstable,0.2,0.0,2.5,4.0,INCREASE,YES,UNSTABLE_LT_THIN_DATA|UNSTABLE_LT_SEVERE_VARIANCE|UNSTABLE_LT_SLT_INCREASE,NB branch,HIGH,HIGH,YES,negbin,"collapsed_from_negbin->(r,Q) [nb_branch_ablation]: ",1978,2953,308,100.0,100.0,100.0,0.0,0.0,58795.5057,23064.9393,58795.5057,0.0,0.0,0.0,"(r,Q)",YES,0.0,hard_flag|thin_delivery_data
PLANT_B__MATERIAL_0115,PLANT_B,MATERIAL_0115,Smooth,Normal,82.3853,0.6262,3.8259,0.3196,90,Moderate,0.66,224.0,3.8,4.0,MAINTAIN,NO,,"(r,Q)",HIGH,MEDIUM,NO,"(r,Q)","(r,Q) v3 [Smooth]: σ_LTD_rob=191.9, SS_normal=316 SS_spike=0 → SS=316, ROP=878, OQ=225",606,1255,238,100.0,100.0,100.0,0.0,0.0,21399.0308,13705.5587,21399.0308,0.0,0.0,0.0,"(r,Q)",NO,0.0,
PLANT_B__MATERIAL_0116,PLANT_B,MATERIAL_0116,Smooth,Normal,229.1642,0.4236,3.6748,0.3541,141,Moderate,0.67,224.0,3.8,4.0,MAINTAIN,NO,,"(r,Q)",HIGH,MEDIUM,NO,"(r,Q)","(r,Q) v3 [Smooth]: σ_LTD_rob=469.4, SS_normal=772 SS_spike=0 → SS=752(capped), ROP=2052, OQ=376",1042,2780,393,100.0,100.0,100.0,0.0,0.0,36270.1983,19766.147,36270.1983,0.0,0.0,0.0,"(r,Q)",NO,0.0,
